Date,ETF Close,NIFTY Return,Invested Today,Total Invested,Units Bought,Total Units,Portfolio Value,NIFTY Close
2022-11-01,200.96,0.0074,0,0,0.0,0.0,0.0,18145.4
2022-11-02,198.4,-0.0034,2000,2000,10.0806,10.0806,2000.0,18082.85
2022-11-03,202.71,-0.0017,1000,3000,4.9332,15.0138,3043.45,18052.7
2022-11-04,203.75,0.0036,0,3000,0.0,15.0138,3059.06,18117.15
2022-11-07,204.9,0.0047,0,3000,0.0,15.0138,3076.33,18202.8
2022-11-09,202.96,-0.0025,3000,6000,14.7812,29.795,6047.2,18157.0
2022-11-10,199.84,-0.0071,1000,7000,5.004,34.799,6954.24,18028.2
2022-11-11,199.46,0.0178,0,7000,0.0,34.799,6941.02,18349.7
2022-11-14,203.03,-0.0011,2000,9000,9.8508,44.6498,9065.25,18329.15
2022-11-15,199.98,0.0041,0,9000,0.0,44.6498,8929.07,18403.4
2022-11-16,198.15,0.0003,0,9000,0.0,44.6498,8847.36,18409.65
2022-11-17,200.05,-0.0036,3000,12000,14.9963,59.6461,11932.19,18343.9
2022-11-18,194.62,-0.002,1000,13000,5.1382,64.7843,12608.31,18307.65
2022-11-21,195.46,-0.0081,1000,14000,5.1161,69.9004,13662.73,18159.95
2022-11-22,200.63,0.0046,0,14000,0.0,69.9004,14024.12,18244.2
2022-11-23,198.95,0.0013,0,14000,0.0,69.9004,13906.69,18267.25
2022-11-24,200.5,0.0119,0,14000,0.0,69.9004,14015.03,18484.1
2022-11-25,207.27,0.0015,0,14000,0.0,69.9004,14488.26,18512.75
2022-11-28,201.8,0.0027,0,14000,0.0,69.9004,14105.9,18562.75
2022-11-29,200.49,0.003,0,14000,0.0,69.9004,14014.33,18618.05
2022-11-30,201.17,0.0075,0,14000,0.0,69.9004,14061.87,18758.35
2022-12-01,202.6,0.0029,0,14000,0.0,69.9004,14161.82,18812.5
2022-12-02,202.86,-0.0062,9000,23000,44.3656,114.266,23180.0,18696.1
2022-12-05,201.65,0.0003,0,23000,0.0,114.266,23041.73,18701.05
2022-12-06,203.01,-0.0031,2000,25000,9.8517,124.1177,25197.14,18642.75
2022-12-07,202.0,-0.0044,1000,26000,4.9505,129.0682,26071.78,18560.5
2022-12-08,202.94,0.0026,0,26000,0.0,129.0682,26193.1,18609.35
2022-12-09,202.3,-0.0061,2000,28000,9.8863,138.9545,28110.5,18496.6
2022-12-12,200.11,0.0,0,28000,0.0,138.9545,27806.19,18497.15
2022-12-13,202.98,0.006,0,28000,0.0,138.9545,28204.99,18608.0
2022-12-14,201.12,0.0028,0,28000,0.0,138.9545,27946.53,18660.3
2022-12-15,200.13,-0.0132,4000,32000,19.987,158.9415,31808.97,18414.9
2022-12-16,198.45,-0.0079,1000,33000,5.0391,163.9806,32541.95,18269.0
2022-12-19,197.71,0.0083,0,33000,0.0,163.9806,32420.6,18420.45
2022-12-20,196.65,-0.0019,2000,35000,10.1704,174.1509,34246.78,18385.3
2022-12-21,195.46,-0.0101,1000,36000,5.1161,179.2671,35039.54,18199.1
2022-12-22,193.4,-0.0039,1000,37000,5.1706,184.4377,35670.25,18127.35
2022-12-23,187.03,-0.0177,1000,38000,5.3467,189.7844,35495.38,17806.8
2022-12-26,191.11,0.0117,0,38000,0.0,189.7844,36269.7,18014.6
2022-12-27,192.26,0.0065,0,38000,0.0,189.7844,36487.95,18132.3
2022-12-28,195.71,-0.0005,3000,41000,15.3288,205.1132,40142.71,18122.5
2022-12-29,194.76,0.0038,0,41000,0.0,205.1132,39947.85,18191.0
2022-12-30,195.0,-0.0047,2000,43000,10.2564,215.3696,41997.08,18105.3
2023-01-02,195.9,0.0051,0,43000,0.0,215.3696,42190.91,18197.45
2023-01-03,195.0,0.0019,0,43000,0.0,215.3696,41997.08,18232.55
2023-01-04,192.32,-0.0104,3000,46000,15.599,230.9686,44419.89,18042.95
2023-01-05,192.15,-0.0028,1000,47000,5.2043,236.1729,45380.63,17992.15
2023-01-06,192.63,-0.0074,1000,48000,5.1913,241.3642,46493.99,17859.45
2023-01-09,193.06,0.0135,0,48000,0.0,241.3642,46597.78,18101.2
2023-01-10,190.53,-0.0103,2000,50000,10.497,251.8612,47987.12,17914.15
2023-01-11,190.1,-0.001,1000,51000,5.2604,257.1216,48878.82,17895.7
2023-01-12,190.06,-0.0021,1000,52000,5.2615,262.3831,49868.54,17858.2
2023-01-13,193.6,0.0055,0,52000,0.0,262.3831,50797.37,17956.6
2023-01-16,192.2,-0.0034,2000,54000,10.4058,272.789,52430.04,17894.85
2023-01-17,192.96,0.0089,0,54000,0.0,272.789,52637.36,18053.3
2023-01-18,190.25,0.0062,0,54000,0.0,272.789,51898.1,18165.35
2023-01-19,191.1,-0.0032,3000,57000,15.6986,288.4875,55129.97,18107.85
2023-01-20,191.0,-0.0044,1000,58000,5.2356,293.7232,56101.12,18027.65
2023-01-23,193.0,0.005,0,58000,0.0,293.7232,56688.57,18118.55
2023-01-24,189.4,-0.0,2000,60000,10.5597,304.2828,57631.16,18118.3
2023-01-25,188.0,-0.0125,1000,61000,5.3191,309.602,58205.17,17891.95
2023-01-27,182.61,-0.0161,1000,62000,5.4762,315.0781,57536.41,17604.35
2023-01-30,184.93,0.0025,0,62000,0.0,315.0781,58267.4,17648.95
2023-01-31,185.0,0.0007,0,62000,0.0,315.0781,58289.45,17662.15
2023-02-01,181.0,-0.0026,3000,65000,16.5746,331.6527,60029.14,17616.3
2023-02-02,179.78,-0.0003,1000,66000,5.5624,337.2151,60624.52,17610.4
2023-02-03,181.8,0.0138,0,66000,0.0,337.2151,61305.7,17854.05
2023-02-06,179.42,-0.005,2000,68000,11.147,348.3621,62503.12,17764.6
2023-02-07,182.9,-0.0024,1000,69000,5.4675,353.8295,64715.42,17721.5
2023-02-08,183.9,0.0085,0,69000,0.0,353.8295,65069.25,17871.7
2023-02-09,183.95,0.0012,0,69000,0.0,353.8295,65086.95,17893.45
2023-02-10,183.0,-0.0021,3000,72000,16.3934,370.223,67750.81,17856.5
2023-02-13,183.24,-0.0048,1000,73000,5.4573,375.6803,68839.66,17770.9
2023-02-14,182.18,0.0089,0,73000,0.0,375.6803,68441.44,17929.85
2023-02-15,183.86,0.0048,0,73000,0.0,375.6803,69072.58,18015.85
2023-02-16,184.11,0.0011,0,73000,0.0,375.6803,69166.5,18035.85
2023-02-17,182.67,-0.0051,4000,77000,21.8974,397.5777,72625.52,17944.2
2023-02-20,182.05,-0.0056,1000,78000,5.493,403.0707,73379.03,17844.6
2023-02-21,181.19,-0.001,1000,79000,5.5191,408.5898,74032.38,17826.7
2023-02-22,181.7,-0.0153,1000,80000,5.5036,414.0934,75240.77,17554.3
2023-02-23,181.75,-0.0025,1000,81000,5.5021,419.5954,76261.47,17511.25
2023-02-24,182.35,-0.0026,1000,82000,5.484,425.0794,77513.23,17465.8
2023-02-27,178.45,-0.0042,1000,83000,5.6038,430.6832,76855.42,17392.7
2023-02-28,178.87,-0.0051,1000,84000,5.5907,436.2739,78036.3,17303.95
2023-03-01,182.0,0.0085,0,84000,0.0,436.2739,79401.84,17450.9
2023-03-02,183.0,-0.0074,2000,86000,10.929,447.2028,81838.12,17321.9
2023-03-03,185.17,0.0157,0,86000,0.0,447.2028,82808.55,17594.35
2023-03-06,187.86,0.0067,0,86000,0.0,447.2028,84011.52,17711.45
2023-03-08,188.62,0.0024,0,86000,0.0,447.2028,84351.4,17754.4
2023-03-09,187.0,-0.0093,4000,90000,21.3904,468.5932,87626.93,17589.6
2023-03-10,184.7,-0.01,1000,91000,5.4142,474.0074,87549.16,17412.9
2023-03-13,183.75,-0.0149,1000,92000,5.4422,479.4496,88098.86,17154.3
2023-03-14,182.08,-0.0065,1000,93000,5.4921,484.9416,88298.17,17043.3
2023-03-15,178.88,-0.0042,1000,94000,5.5903,490.532,87746.36,16972.15
2023-03-16,182.58,0.0008,0,94000,0.0,490.532,89561.33,16985.6
2023-03-17,183.38,0.0067,0,94000,0.0,490.532,89953.76,17100.05
2023-03-20,180.79,-0.0065,3000,97000,16.5938,507.1258,91683.28,16988.4
2023-03-21,182.25,0.007,0,97000,0.0,507.1258,92423.68,17107.5
2023-03-23,181.36,-0.0018,2000,99000,11.0278,518.1536,93972.34,17076.9
2023-03-24,180.93,-0.0077,1000,100000,5.527,523.6806,94749.53,16945.05
2023-03-27,179.28,0.0024,0,100000,0.0,523.6806,93885.46,16985.7
2023-03-28,177.2,-0.002,2000,102000,11.2867,534.9673,94796.2,16951.7
2023-03-29,180.79,0.0076,0,102000,0.0,534.9673,96716.74,17080.7
2023-03-31,183.4,0.0163,0,102000,0.0,534.9673,98113.0,17359.75
2023-04-03,184.0,0.0022,0,102000,0.0,534.9673,98433.98,17398.05
2023-04-05,183.0,0.0091,0,102000,0.0,534.9673,97899.01,17557.05
2023-04-06,184.6,0.0024,0,102000,0.0,534.9673,98754.96,17599.15
2023-04-10,184.98,0.0014,0,102000,0.0,534.9673,98958.25,17624.05
2023-04-11,184.81,0.0056,0,102000,0.0,534.9673,98867.31,17722.3
2023-04-12,187.0,0.0051,0,102000,0.0,534.9673,100038.88,17812.4
2023-04-13,186.19,0.0009,0,102000,0.0,534.9673,99605.56,17828.0
2023-04-17,186.92,-0.0068,10000,112000,53.4988,588.4661,109996.09,17706.85
2023-04-18,187.7,-0.0026,1000,113000,5.3277,593.7938,111455.09,17660.15
2023-04-19,188.97,-0.0023,1000,114000,5.2918,599.0856,113209.21,17618.75
2023-04-20,188.45,0.0003,0,114000,0.0,599.0856,112897.68,17624.45
2023-04-21,186.33,-0.0,2000,116000,10.7336,609.8193,113627.62,17624.05
2023-04-24,187.64,0.0068,0,116000,0.0,609.8193,114426.49,17743.4
2023-04-25,191.01,0.0015,0,116000,0.0,609.8193,116481.58,17769.25
2023-04-26,193.37,0.0025,0,116000,0.0,609.8193,117920.75,17813.6
2023-04-27,191.7,0.0057,0,116000,0.0,609.8193,116902.35,17915.05
2023-04-28,192.45,0.0084,0,116000,0.0,609.8193,117359.72,18065.0
2023-05-02,196.23,0.0046,0,116000,0.0,609.8193,119664.83,18147.65
2023-05-03,194.15,-0.0032,7000,123000,36.0546,645.8739,125396.41,18089.85
2023-05-04,197.54,0.0092,0,123000,0.0,645.8739,127585.92,18255.8
2023-05-05,194.36,-0.0102,2000,125000,10.2902,656.164,127532.04,18069.0
2023-05-08,195.81,0.0108,0,125000,0.0,656.164,128483.48,18264.4
2023-05-09,195.5,0.0001,0,125000,0.0,656.164,128280.07,18265.95
2023-05-10,196.03,0.0027,0,125000,0.0,656.164,128627.84,18315.1
2023-05-11,197.54,-0.001,4000,129000,20.2491,676.4131,133618.64,18297.0
2023-05-12,197.94,0.001,0,129000,0.0,676.4131,133889.21,18314.8
2023-05-15,197.72,0.0046,0,129000,0.0,676.4131,133740.4,18398.85
2023-05-16,197.76,-0.0061,3000,132000,15.1699,691.583,136767.45,18286.5
2023-05-17,199.71,-0.0057,1000,133000,5.0073,696.5903,139116.04,18181.75
2023-05-18,198.0,-0.0028,1000,134000,5.0505,701.6408,138924.87,18129.95
2023-05-19,197.64,0.0041,0,134000,0.0,701.6408,138672.28,18203.4
2023-05-22,199.47,0.0061,0,134000,0.0,701.6408,139956.28,18314.4
2023-05-23,198.95,0.0018,0,134000,0.0,701.6408,139591.43,18348.0
2023-05-24,199.15,-0.0034,4000,138000,20.0854,721.7261,143731.76,18285.4
2023-05-25,199.49,0.002,0,138000,0.0,721.7261,143977.15,18321.15
2023-05-26,202.28,0.0097,0,138000,0.0,721.7261,145990.76,18499.35
2023-05-29,204.0,0.0054,0,138000,0.0,721.7261,147232.13,18598.65
2023-05-30,203.83,0.0019,0,138000,0.0,721.7261,147109.44,18633.85
2023-05-31,203.71,-0.0053,5000,143000,24.5447,746.2708,152022.83,18534.4
2023-06-01,203.19,-0.0025,1000,144000,4.9215,751.1923,152634.77,18487.75
2023-06-02,205.8,0.0025,0,144000,0.0,751.1923,154595.38,18534.1
2023-06-05,207.1,0.0032,0,144000,0.0,751.1923,155571.93,18593.85
2023-06-06,208.0,0.0003,0,144000,0.0,751.1923,156248.0,18599.0
2023-06-07,211.02,0.0068,0,144000,0.0,751.1923,158516.61,18726.4
2023-06-08,211.34,-0.0049,5000,149000,23.6586,774.8509,163756.99,18634.55
2023-06-09,209.49,-0.0038,1000,150000,4.7735,779.6244,163323.51,18563.4
2023-06-12,210.96,0.0021,0,150000,0.0,779.6244,164469.56,18601.5
2023-06-13,210.22,0.0062,0,150000,0.0,779.6244,163892.64,18716.15
2023-06-14,212.32,0.0021,0,150000,0.0,779.6244,165529.85,18755.9
2023-06-15,209.41,-0.0036,4000,154000,19.1013,798.7257,167261.14,18688.1
2023-06-16,212.88,0.0074,0,154000,0.0,798.7257,170032.72,18826.0
2023-06-19,212.0,-0.0037,2000,156000,9.434,808.1596,171329.84,18755.45
2023-06-20,216.92,0.0033,0,156000,0.0,808.1596,175305.99,18816.7
2023-06-21,211.51,0.0021,0,156000,0.0,808.1596,170933.84,18856.85
2023-06-22,211.29,-0.0045,3000,159000,14.1985,822.3581,173756.05,18771.25
2023-06-23,208.45,-0.0056,1000,160000,4.7973,827.1554,172420.55,18665.5
2023-06-26,209.85,0.0014,0,160000,0.0,827.1554,173578.57,18691.2
2023-06-27,210.98,0.0068,0,160000,0.0,827.1554,174513.26,18817.4
2023-06-28,212.58,0.0082,0,160000,0.0,827.1554,175836.7,18972.1
2023-06-30,211.48,0.0114,0,160000,0.0,827.1554,174926.83,19189.05
2023-07-03,214.07,0.007,0,160000,0.0,827.1554,177069.17,19322.55
2023-07-04,211.71,0.0034,0,160000,0.0,827.1554,175117.08,19389.0
2023-07-05,213.41,0.0005,0,160000,0.0,827.1554,176523.24,19398.5
2023-07-06,215.61,0.0051,0,160000,0.0,827.1554,178342.98,19497.3
2023-07-07,213.44,-0.0085,9000,169000,42.1664,869.3219,185548.06,19331.8
2023-07-10,212.25,0.0012,0,169000,0.0,869.3219,184513.56,19355.9
2023-07-11,216.76,0.0043,0,169000,0.0,869.3219,188434.21,19439.4
2023-07-12,215.46,-0.0028,3000,172000,13.9237,883.2456,190304.09,19384.3
2023-07-13,213.87,0.0015,0,172000,0.0,883.2456,188899.73,19413.75
2023-07-14,213.81,0.0078,0,172000,0.0,883.2456,188846.73,19564.5
2023-07-17,215.87,0.0075,0,172000,0.0,883.2456,190666.22,19711.45
2023-07-18,216.88,0.0019,0,172000,0.0,883.2456,191558.3,19749.25
2023-07-19,217.31,0.0042,0,172000,0.0,883.2456,191938.09,19833.15
2023-07-20,218.47,0.0074,0,172000,0.0,883.2456,192962.66,19979.15
2023-07-21,218.97,-0.0117,7000,179000,31.9678,915.2134,200404.28,19745.0
2023-07-24,216.26,-0.0037,1000,180000,4.6241,919.8375,198924.05,19672.35
2023-07-25,216.3,0.0004,0,180000,0.0,919.8375,198960.84,19680.6
2023-07-26,218.4,0.005,0,180000,0.0,919.8375,200892.5,19778.3
2023-07-27,217.83,-0.006,3000,183000,13.7722,933.6097,203368.2,19659.9
2023-07-28,219.73,-0.0007,1000,184000,4.551,938.1607,206142.05,19646.05
2023-07-31,223.48,0.0055,0,184000,0.0,938.1607,209660.16,19753.8
2023-08-01,221.26,-0.001,2000,186000,9.0391,947.1999,209577.44,19733.55
2023-08-02,217.41,-0.0105,1000,187000,4.5996,951.7995,206930.72,19526.55
2023-08-03,217.2,-0.0074,1000,188000,4.6041,956.4035,207730.84,19381.65
2023-08-04,218.4,0.007,0,188000,0.0,956.4035,208878.53,19517.0
2023-08-07,219.66,0.0041,0,188000,0.0,956.4035,210083.6,19597.3
2023-08-08,219.2,-0.0013,3000,191000,13.6861,970.0896,212643.65,19570.85
2023-08-09,218.91,0.0032,0,191000,0.0,970.0896,212362.32,19632.55
2023-08-10,219.27,-0.0046,2000,193000,9.1212,979.2108,214711.56,19543.1
2023-08-11,217.02,-0.0059,1000,194000,4.6079,983.8187,213508.33,19428.3
2023-08-14,218.84,0.0003,0,194000,0.0,983.8187,215298.88,19434.55
2023-08-16,216.74,0.0016,0,194000,0.0,983.8187,213232.86,19465.0
2023-08-18,218.18,-0.008,3000,197000,13.7501,997.5688,217649.56,19310.15
2023-08-21,219.24,0.0043,0,197000,0.0,997.5688,218706.98,19393.6
2023-08-22,221.93,0.0001,0,197000,0.0,997.5688,221390.44,19396.45
2023-08-23,223.0,0.0025,0,197000,0.0,997.5688,222457.84,19444.0
2023-08-24,223.63,-0.0029,4000,201000,17.8867,1015.4555,227086.31,19386.7
2023-08-25,220.08,-0.0062,1000,202000,4.5438,1019.9993,224481.44,19265.8
2023-08-28,222.35,0.0021,0,202000,0.0,1019.9993,226796.84,19306.05
2023-08-29,222.7,0.0019,0,202000,0.0,1019.9993,227153.84,19342.65
2023-08-30,225.53,0.0002,0,202000,0.0,1019.9993,230040.44,19347.45
2023-08-31,229.49,-0.0048,4000,206000,17.43,1037.4292,238079.64,19253.8
2023-09-01,231.93,0.0094,0,206000,0.0,1037.4292,240610.97,19435.3
2023-09-04,229.35,0.0048,0,206000,0.0,1037.4292,237934.4,19528.8
2023-09-05,225.98,0.0024,0,206000,0.0,1037.4292,234438.26,19574.9
2023-09-06,228.76,0.0018,0,206000,0.0,1037.4292,237322.31,19611.05
2023-09-07,228.25,0.0059,0,206000,0.0,1037.4292,236793.23,19727.05
2023-09-08,231.51,0.0047,0,206000,0.0,1037.4292,240175.25,19819.95
2023-09-11,230.64,0.0089,0,206000,0.0,1037.4292,239272.68,19996.35
2023-09-12,227.49,-0.0002,8000,214000,35.1664,1072.5956,244004.78,19993.2
2023-09-13,231.09,0.0038,0,214000,0.0,1072.5956,247866.12,20070.0
2023-09-14,227.77,0.0016,0,214000,0.0,1072.5956,244305.11,20103.1
2023-09-15,232.55,0.0044,0,214000,0.0,1072.5956,249432.11,20192.35
2023-09-18,231.97,-0.0029,4000,218000,17.2436,1089.8392,252810.01,20133.3
2023-09-20,242.77,-0.0115,1000,219000,4.1191,1093.9584,265580.27,19901.4
2023-09-21,230.47,-0.008,1000,220000,4.339,1098.2973,253124.58,19742.35
2023-09-22,228.97,-0.0034,1000,221000,4.3674,1102.6647,252477.14,19674.25
2023-09-25,230.02,0.0,0,221000,0.0,1102.6647,253634.94,19674.55
2023-09-26,229.53,-0.0005,2000,223000,8.7135,1111.3782,255094.63,19664.7
2023-09-27,232.82,0.0026,0,223000,0.0,1111.3782,258751.06,19716.45
2023-09-28,228.68,-0.0098,2000,225000,8.7458,1120.124,256149.96,19523.55
2023-09-29,231.93,0.0059,0,225000,0.0,1120.124,259790.36,19638.3
2023-10-03,233.55,-0.0056,2000,227000,8.5635,1128.6875,263604.96,19528.75
2023-10-04,229.42,-0.0047,1000,228000,4.3588,1133.0463,259943.48,19436.1
2023-10-05,229.3,0.0056,0,228000,0.0,1133.0463,259807.52,19545.75
2023-10-06,230.87,0.0055,0,228000,0.0,1133.0463,261586.4,19653.5
2023-10-09,229.18,-0.0072,3000,231000,13.0901,1146.1365,262671.55,19512.35
2023-10-10,231.04,0.0091,0,231000,0.0,1146.1365,264803.37,19689.85
2023-10-11,233.43,0.0062,0,231000,0.0,1146.1365,267542.63,19811.35
2023-10-12,232.9,-0.0009,3000,234000,12.8811,1159.0175,269935.18,19794.0
2023-10-13,233.0,-0.0022,1000,235000,4.2918,1163.3094,271051.08,19751.05
2023-10-16,234.25,-0.001,1000,236000,4.2689,1167.5783,273505.22,19731.75
2023-10-17,234.21,0.004,0,236000,0.0,1167.5783,273458.52,19811.5
2023-10-18,230.77,-0.0071,2000,238000,8.6666,1176.2449,271442.05,19671.1
2023-10-19,233.23,-0.0024,1000,239000,4.2876,1180.5326,275335.61,19624.7
2023-10-20,22.88,-0.0042,1000,240000,43.7063,1224.2389,28010.58,19542.65
2023-10-23,22.65,-0.0134,1000,241000,44.1501,1268.389,28729.01,19281.75
2023-10-25,22.39,-0.0083,1000,242000,44.6628,1313.0518,29399.23,19122.15
2023-10-26,22.14,-0.0139,1000,243000,45.1671,1358.2189,30070.97,18857.25
2023-10-27,22.51,0.0101,0,243000,0.0,1358.2189,30573.51,19047.25
2023-10-30,22.43,0.0049,0,243000,0.0,1358.2189,30464.85,19140.9
2023-10-31,22.5,-0.0032,3000,246000,133.3333,1491.5522,33559.92,19079.6
2023-11-01,22.33,-0.0047,1000,247000,44.7828,1536.335,34306.36,18989.15
2023-11-02,22.74,0.0076,0,247000,0.0,1536.335,34936.26,19133.25
2023-11-03,22.86,0.0051,0,247000,0.0,1536.335,35120.62,19230.6
2023-11-06,23.0,0.0094,0,247000,0.0,1536.335,35335.71,19411.75
2023-11-07,23.18,-0.0003,4000,251000,172.5626,1708.8976,39612.25,19406.7
2023-11-08,23.47,0.0019,0,251000,0.0,1708.8976,40107.83,19443.5
2023-11-09,23.49,-0.0025,2000,253000,85.1426,1794.0402,42142.0,19395.3
2023-11-10,23.58,0.0015,0,253000,0.0,1794.0402,42303.47,19425.35
2023-11-12,23.93,0.0052,0,253000,0.0,1794.0402,42931.38,19525.55
2023-11-13,23.67,-0.0042,3000,256000,126.7427,1920.7829,45464.93,19443.55
2023-11-15,24.11,0.0119,0,256000,0.0,1920.7829,46310.08,19675.45
2023-11-16,24.1,0.0046,0,256000,0.0,1920.7829,46290.87,19765.2
2023-11-17,24.3,-0.0017,3000,259000,123.4568,2044.2397,49675.02,19731.8
2023-11-20,24.42,-0.0019,1000,260000,40.95,2085.1897,50920.33,19694.0
2023-11-21,24.4,0.0045,0,260000,0.0,2085.1897,50878.63,19783.4
2023-11-22,24.4,0.0014,0,260000,0.0,2085.1897,50878.63,19811.85
2023-11-23,24.49,-0.0005,3000,263000,122.499,2207.6887,54066.3,19802.0
2023-11-24,24.49,-0.0004,1000,264000,40.833,2248.5217,55066.3,19794.7
2023-11-28,25.06,0.0048,0,264000,0.0,2248.5217,56347.95,19889.7
2023-11-29,24.92,0.0104,0,264000,0.0,2248.5217,56033.16,20096.6
2023-11-30,25.11,0.0018,0,264000,0.0,2248.5217,56460.38,20133.15
2023-12-01,25.74,0.0067,0,264000,0.0,2248.5217,57876.95,20267.9
2023-12-04,26.19,0.0207,0,264000,0.0,2248.5217,58888.78,20686.8
2023-12-05,26.27,0.0081,0,264000,0.0,2248.5217,59068.66,20855.1
2023-12-06,26.43,0.004,0,264000,0.0,2248.5217,59428.43,20937.7
2023-12-07,26.43,-0.0017,8000,272000,302.6863,2551.208,67428.43,20901.15
2023-12-08,26.39,0.0033,0,272000,0.0,2551.208,67326.38,20969.4
2023-12-11,26.77,0.0013,0,272000,0.0,2551.208,68295.84,20997.1
2023-12-12,26.6,-0.0043,3000,275000,112.782,2663.99,70862.13,20906.4
2023-12-13,27.18,0.001,0,275000,0.0,2663.99,72407.25,20926.35
2023-12-14,27.41,0.0123,0,275000,0.0,2663.99,73019.97,21182.7
2023-12-15,27.32,0.0129,0,275000,0.0,2663.99,72780.21,21456.65
2023-12-18,27.45,-0.0018,4000,279000,145.7195,2809.7095,77126.53,21418.65
2023-12-19,27.39,0.0016,0,279000,0.0,2809.7095,76957.94,21453.1
2023-12-20,26.63,-0.0141,2000,281000,75.1033,2884.8127,76822.56,21150.15
2023-12-21,26.83,0.005,0,281000,0.0,2884.8127,77399.53,21255.05
2023-12-22,26.99,0.0044,0,281000,0.0,2884.8127,77861.1,21349.4
2023-12-26,27.33,0.0043,0,281000,0.0,2884.8127,78841.93,21441.35
2023-12-27,27.43,0.01,0,281000,0.0,2884.8127,79130.41,21654.75
2023-12-28,27.51,0.0057,0,281000,0.0,2884.8127,79361.2,21778.7
2023-12-29,27.4,-0.0022,6000,287000,218.9781,3103.7909,85043.87,21731.4
2024-01-01,27.5,0.0005,0,287000,0.0,3103.7909,85354.25,21741.9
2024-01-02,27.91,-0.0035,2000,289000,71.6589,3175.4498,88626.8,21665.8
2024-01-03,27.59,-0.0069,1000,290000,36.245,3211.6948,88610.66,21517.35
2024-01-04,27.84,0.0066,0,290000,0.0,3211.6948,89413.58,21658.6
2024-01-05,27.82,0.0024,0,290000,0.0,3211.6948,89349.35,21710.8
2024-01-08,27.88,-0.0091,3000,293000,107.604,3319.2988,92542.05,21513.0
2024-01-09,27.91,0.0015,0,293000,0.0,3319.2988,92641.63,21544.85
2024-01-10,27.56,0.0034,0,293000,0.0,3319.2988,91479.87,21618.7
2024-01-11,27.93,0.0013,0,293000,0.0,3319.2988,92708.02,21647.2
2024-01-12,28.07,0.0114,0,293000,0.0,3319.2988,93172.72,21894.55
2024-01-15,28.21,0.0093,0,293000,0.0,3319.2988,93637.42,22097.45
2024-01-16,28.18,-0.0029,6000,299000,212.917,3532.2158,99537.84,22032.3
2024-01-17,28.08,-0.0209,1000,300000,35.6125,3567.8283,100184.62,21571.95
2024-01-18,27.85,-0.0051,1000,301000,35.9066,3603.7349,100364.02,21462.25
2024-01-19,28.27,0.0075,0,301000,0.0,3603.7349,101877.59,21622.4
2024-01-20,28.32,-0.0023,2000,303000,70.6215,3674.3564,104057.77,21571.8
2024-01-23,27.65,-0.0154,1000,304000,36.1664,3710.5228,102595.95,21238.8
2024-01-24,27.92,0.0101,0,304000,0.0,3710.5228,103597.8,21453.95
2024-01-25,28.2,-0.0047,2000,306000,70.922,3781.4447,106636.74,21352.6
2024-01-29,28.84,0.018,0,306000,0.0,3781.4447,109056.87,21737.6
2024-01-30,28.92,-0.0099,2000,308000,69.1563,3850.601,111359.38,21522.1
2024-01-31,29.08,0.0095,0,308000,0.0,3850.601,111975.48,21725.7
2024-02-01,29.15,-0.0013,2000,310000,68.6106,3919.2117,114245.02,21697.45
2024-02-02,29.51,0.0072,0,310000,0.0,3919.2117,115655.94,21853.8
2024-02-05,29.52,-0.0038,2000,312000,67.7507,3986.9624,117695.13,21771.7
2024-02-06,29.66,0.0072,0,312000,0.0,3986.9624,118253.3,21929.4
2024-02-07,29.97,0.0001,0,312000,0.0,3986.9624,119489.26,21930.5
2024-02-08,30.38,-0.0097,3000,315000,98.7492,4085.7115,124123.92,21717.95
2024-02-09,30.09,0.003,0,315000,0.0,4085.7115,122939.06,21782.5
2024-02-12,29.97,-0.0076,2000,317000,66.7334,4152.4449,124448.77,21616.05
2024-02-13,29.54,0.0059,0,317000,0.0,4152.4449,122663.22,21743.25
2024-02-14,29.78,0.0045,0,317000,0.0,4152.4449,123659.81,21840.05
2024-02-15,30.26,0.0032,0,317000,0.0,4152.4449,125652.98,21910.75
2024-02-16,31.98,0.0059,0,317000,0.0,4152.4449,132795.19,22040.7
2024-02-19,30.53,0.0037,0,317000,0.0,4152.4449,126774.14,22122.25
2024-02-20,30.34,0.0034,0,317000,0.0,4152.4449,125985.18,22196.95
2024-02-21,29.95,-0.0064,7000,324000,233.7229,4386.1678,131365.73,22055.05
2024-02-22,30.29,0.0074,0,324000,0.0,4386.1678,132857.02,22217.45
2024-02-23,30.41,-0.0002,2000,326000,65.7678,4451.9356,135383.36,22212.7
2024-02-26,30.4,-0.0041,1000,327000,32.8947,4484.8304,136338.84,22122.05
2024-02-27,30.37,0.0034,0,327000,0.0,4484.8304,136204.3,22198.35
2024-02-28,29.99,-0.0111,2000,329000,66.6889,4551.5193,136500.06,21951.15
2024-02-29,30.03,0.0014,0,329000,0.0,4551.5193,136682.12,21982.8
2024-03-01,30.47,0.0162,0,329000,0.0,4551.5193,138684.79,22338.75
2024-03-02,30.65,0.0018,0,329000,0.0,4551.5193,139504.07,22378.4
2024-03-04,31.22,0.0012,0,329000,0.0,4551.5193,142098.43,22405.6
2024-03-05,31.29,-0.0022,5000,334000,159.7955,4711.3147,147417.04,22356.3
2024-03-06,31.33,0.0053,0,334000,0.0,4711.3147,147605.49,22474.05
2024-03-07,31.55,0.0009,0,334000,0.0,4711.3147,148641.98,22493.55
2024-03-11,31.55,-0.0072,3000,337000,95.0872,4806.4019,151641.98,22332.65
2024-03-12,30.99,0.0001,0,337000,0.0,4806.4019,148950.39,22335.7
2024-03-14,30.14,-0.0085,2000,339000,66.357,4872.7589,146864.95,22146.65
2024-03-15,29.75,-0.0056,1000,340000,33.6134,4906.3723,145964.58,22023.35
2024-03-18,29.89,0.0015,0,340000,0.0,4906.3723,146651.47,22055.7
2024-03-19,29.39,-0.0108,2000,342000,68.0504,4974.4227,146198.28,21817.45
2024-03-20,29.26,0.001,0,342000,0.0,4974.4227,145551.61,21839.1
2024-03-21,30.11,0.0079,0,342000,0.0,4974.4227,149779.87,22011.95
2024-03-22,30.33,0.0039,0,342000,0.0,4974.4227,150874.24,22096.75
2024-03-26,30.6,-0.0042,4000,346000,130.719,5105.1417,156217.33,22004.7
2024-03-27,30.58,0.0054,0,346000,0.0,5105.1417,156115.23,22123.65
2024-03-28,30.8,0.0092,0,346000,0.0,5105.1417,157238.36,22326.9
2024-04-01,31.25,0.0061,0,346000,0.0,5105.1417,159535.68,22462.0
2024-04-02,31.45,-0.0004,4000,350000,127.186,5232.3277,164556.71,22453.3
2024-04-03,31.59,-0.0008,1000,351000,31.6556,5263.9833,166289.23,22434.65
2024-04-04,31.65,0.0036,0,351000,0.0,5263.9833,166605.07,22514.65
2024-04-05,31.7,-0.0,2000,353000,63.0915,5327.0747,168868.27,22513.7
2024-04-08,31.72,0.0068,0,353000,0.0,5327.0747,168974.81,22666.3
2024-04-09,31.53,-0.001,2000,355000,63.4317,5390.5064,169962.67,22642.75
2024-04-10,31.67,0.0049,0,355000,0.0,5390.5064,170717.34,22753.8
2024-04-12,31.8,-0.0103,2000,357000,62.8931,5453.3995,173418.1,22519.4
2024-04-15,31.35,-0.011,1000,358000,31.8979,5485.2974,171964.07,22272.5
2024-04-16,31.25,-0.0056,1000,359000,32.0,5517.2974,172415.54,22147.9
2024-04-18,31.14,-0.0069,1000,360000,32.113,5549.4104,172808.64,21995.85
2024-04-19,31.02,0.0069,0,360000,0.0,5549.4104,172142.71,22147.0
2024-04-22,31.23,0.0086,0,360000,0.0,5549.4104,173308.09,22336.4
2024-04-23,31.41,0.0014,0,360000,0.0,5549.4104,174306.98,22368.0
2024-04-24,31.73,0.0015,0,360000,0.0,5549.4104,176082.79,22402.4
2024-04-25,32.08,0.0075,0,360000,0.0,5549.4104,178025.09,22570.35
2024-04-26,32.36,-0.0067,6000,366000,185.4141,5734.8245,185578.92,22419.95
2024-04-29,32.35,0.01,0,366000,0.0,5734.8245,185521.57,22643.4
2024-04-30,32.6,-0.0017,2000,368000,61.3497,5796.1742,188955.28,22604.85
2024-05-02,33.35,0.0019,0,368000,0.0,5796.1742,193302.41,22648.2
2024-05-03,33.37,-0.0076,2000,370000,59.9341,5856.1083,195418.33,22475.85
2024-05-06,32.87,-0.0015,1000,371000,30.4229,5886.5312,193490.28,22442.7
2024-05-07,32.14,-0.0062,1000,372000,31.1139,5917.645,190193.11,22302.5
2024-05-08,32.67,0.0,0,372000,0.0,5917.645,193329.46,22302.5
2024-05-09,32.05,-0.0155,2000,374000,62.4025,5980.0475,191660.52,21957.5
2024-05-10,32.49,0.0044,0,374000,0.0,5980.0475,194291.74,22055.2
2024-05-13,32.48,0.0022,0,374000,0.0,5980.0475,194231.94,22104.05
2024-05-14,32.96,0.0051,0,374000,0.0,5980.0475,197102.37,22217.85
2024-05-15,32.95,-0.0008,4000,378000,121.3961,6101.4436,201042.57,22200.55
2024-05-16,33.74,0.0092,0,378000,0.0,6101.4436,205862.71,22403.85
2024-05-17,33.81,0.0028,0,378000,0.0,6101.4436,206289.81,22466.1
2024-05-18,34.12,0.0016,0,378000,0.0,6101.4436,208181.26,22502.0
2024-05-21,34.49,0.0012,0,378000,0.0,6101.4436,210438.79,22529.05
2024-05-22,34.47,0.0031,0,378000,0.0,6101.4436,210316.76,22597.8
2024-05-23,34.69,0.0164,0,378000,0.0,6101.4436,211659.08,22967.65
2024-05-24,35.05,-0.0005,7000,385000,199.7147,6301.1583,220855.6,22957.1
2024-05-27,35.04,-0.0011,1000,386000,28.5388,6329.6971,221792.59,22932.45
2024-05-28,34.84,-0.0019,1000,387000,28.7026,6358.3997,221526.65,22888.15
2024-05-29,34.83,-0.008,1000,388000,28.7109,6387.1106,222463.06,22704.7
2024-05-30,34.97,-0.0095,1000,389000,28.5959,6415.7066,224357.26,22488.65
2024-05-31,34.42,0.0019,0,389000,0.0,6415.7066,220828.62,22530.7
2024-06-03,36.0,0.0325,0,389000,0.0,6415.7066,230965.44,23263.9
2024-06-04,34.73,-0.0593,3000,392000,86.3807,6502.0872,225817.49,21884.5
2024-06-05,33.72,0.0336,0,392000,0.0,6502.0872,219250.38,22620.35
2024-06-06,34.34,0.0089,0,392000,0.0,6502.0872,223281.68,22821.4
2024-06-07,34.93,0.0205,0,392000,0.0,6502.0872,227117.91,23290.15
2024-06-10,35.16,-0.0013,4000,396000,113.7656,6615.8529,232613.39,23259.2
2024-06-11,35.33,0.0002,0,396000,0.0,6615.8529,233738.08,23264.85
2024-06-12,35.7,0.0025,0,396000,0.0,6615.8529,236185.95,23322.95
2024-06-13,35.85,0.0033,0,396000,0.0,6615.8529,237178.33,23398.9
2024-06-14,36.41,0.0029,0,396000,0.0,6615.8529,240883.2,23465.6
2024-06-18,36.69,0.0039,0,396000,0.0,6615.8529,242735.64,23557.9
2024-06-19,35.97,-0.0018,6000,402000,166.8057,6782.6585,243972.23,23516.0
2024-06-20,35.91,0.0022,0,402000,0.0,6782.6585,243565.27,23567.0
2024-06-21,35.77,-0.0028,2000,404000,55.9128,6838.5713,244615.7,23501.1
2024-06-24,35.81,0.0016,0,404000,0.0,6838.5713,244889.24,23537.85
2024-06-25,35.67,0.0078,0,404000,0.0,6838.5713,243931.84,23721.3
2024-06-26,35.51,0.0062,0,404000,0.0,6838.5713,242837.67,23868.8
2024-06-27,35.49,0.0074,0,404000,0.0,6838.5713,242700.9,24044.5
2024-06-28,35.66,-0.0014,5000,409000,140.2131,6978.7844,248863.45,24010.6
2024-07-01,35.71,0.0055,0,409000,0.0,6978.7844,249212.39,24141.95
2024-07-02,35.57,-0.0007,2000,411000,56.2272,7035.0116,250235.36,24123.85
2024-07-03,35.92,0.0067,0,411000,0.0,7035.0116,252697.62,24286.5
2024-07-04,36.33,0.0006,0,411000,0.0,7035.0116,255581.97,24302.15
2024-07-05,36.49,0.0009,0,411000,0.0,7035.0116,256707.57,24323.85
2024-07-08,36.64,-0.0001,4000,415000,109.1703,7144.1819,261762.82,24320.55
2024-07-09,36.76,0.0046,0,415000,0.0,7144.1819,262620.13,24433.2
2024-07-10,36.71,-0.0045,2000,417000,54.4811,7198.663,264262.92,24324.45
2024-07-11,36.68,-0.0003,1000,418000,27.2628,7225.9258,265046.96,24315.95
2024-07-12,36.43,0.0077,0,418000,0.0,7225.9258,263240.48,24502.15
2024-07-15,36.68,0.0035,0,418000,0.0,7225.9258,265046.96,24586.7
2024-07-16,36.58,0.0011,0,418000,0.0,7225.9258,264324.36,24613.0
2024-07-18,36.15,0.0076,0,418000,0.0,7225.9258,261217.22,24800.85
2024-07-19,35.01,-0.0109,5000,423000,142.8163,7368.7421,257979.66,24530.9
2024-07-22,35.51,-0.0009,1000,424000,28.1611,7396.9032,262664.03,24509.25
2024-07-23,35.21,-0.0012,1000,425000,28.401,7425.3042,261444.96,24479.05
2024-07-24,35.22,-0.0027,1000,426000,28.393,7453.6972,262519.21,24413.5
2024-07-25,35.32,-0.0003,1000,427000,28.3126,7482.0097,264264.58,24406.1
2024-07-26,36.25,0.0176,0,427000,0.0,7482.0097,271222.85,24834.85
2024-07-29,36.7,0.0001,0,427000,0.0,7482.0097,274589.76,24836.1
2024-07-30,36.81,0.0009,0,427000,0.0,7482.0097,275412.78,24857.3
2024-07-31,37.05,0.0038,0,427000,0.0,7482.0097,277208.46,24951.15
2024-08-01,36.91,0.0024,0,427000,0.0,7482.0097,276160.98,25010.9
2024-08-02,36.21,-0.0117,6000,433000,165.7001,7647.7098,276923.57,24717.7
2024-08-05,35.07,-0.0268,1000,434000,28.5144,7676.2242,269205.18,24055.6
2024-08-06,34.4,-0.0026,1000,435000,29.0698,7705.294,265062.11,23992.55
2024-08-07,35.52,0.0127,0,435000,0.0,7705.294,273692.04,24297.5
2024-08-08,35.39,-0.0074,2000,437000,56.5131,7761.8071,274690.35,24117.0
2024-08-09,35.96,0.0104,0,437000,0.0,7761.8071,279114.58,24367.5
2024-08-12,35.86,-0.0008,2000,439000,55.7724,7817.5796,280338.4,24347.0
2024-08-13,35.54,-0.0085,1000,440000,28.1373,7845.7169,278836.78,24139.0
2024-08-14,35.31,0.0002,0,440000,0.0,7845.7169,277032.26,24143.75
2024-08-16,36.01,0.0165,0,440000,0.0,7845.7169,282524.27,24541.15
2024-08-19,36.12,0.0013,0,440000,0.0,7845.7169,283387.29,24572.65
2024-08-20,36.37,0.0051,0,440000,0.0,7845.7169,285348.72,24698.85
2024-08-21,36.5,0.0029,0,440000,0.0,7845.7169,286368.67,24770.2
2024-08-22,36.53,0.0017,0,440000,0.0,7845.7169,286604.04,24811.5
2024-08-23,36.69,0.0005,0,440000,0.0,7845.7169,287859.35,24823.15
2024-08-26,36.85,0.0076,0,440000,0.0,7845.7169,289114.67,25010.6
2024-08-27,36.88,0.0003,0,440000,0.0,7845.7169,289350.04,25017.75
2024-08-28,37.15,0.0014,0,440000,0.0,7845.7169,291468.38,25052.35
2024-08-29,37.14,0.004,0,440000,0.0,7845.7169,291389.93,25151.95
2024-08-30,37.2,0.0033,0,440000,0.0,7845.7169,291860.67,25235.9
2024-09-02,37.13,0.0017,0,440000,0.0,7845.7169,291311.47,25278.7
2024-09-03,37.08,0.0,0,440000,0.0,7845.7169,290919.18,25279.85
2024-09-04,37.01,-0.0032,15000,455000,405.2959,8251.0128,305369.98,25198.7
2024-09-05,36.94,-0.0021,1000,456000,27.0709,8278.0837,305792.41,25145.1
2024-09-06,36.26,-0.0117,1000,457000,27.5786,8305.6623,301163.31,24852.15
2024-09-09,36.18,0.0034,0,457000,0.0,8305.6623,300498.86,24936.4
2024-09-10,36.16,0.0042,0,457000,0.0,8305.6623,300332.75,25041.1
2024-09-11,35.94,-0.0049,3000,460000,83.4725,8389.1347,301505.5,24918.45
2024-09-12,36.62,0.0189,0,460000,0.0,8389.1347,307210.11,25388.9
2024-09-13,36.63,-0.0013,2000,462000,54.6001,8443.7348,309294.01,25356.5
2024-09-16,36.77,0.0011,0,462000,0.0,8443.7348,310476.13,25383.75
2024-09-17,36.77,0.0014,0,462000,0.0,8443.7348,310476.13,25418.55
2024-09-18,36.71,-0.0016,3000,465000,81.7216,8525.4564,312969.5,25377.55
2024-09-19,36.35,0.0015,0,465000,0.0,8525.4564,309900.34,25415.8
2024-09-20,36.75,0.0148,0,465000,0.0,8525.4564,313310.52,25790.95
2024-09-23,37.44,0.0057,0,465000,0.0,8525.4564,319193.09,25939.05
2024-09-24,37.71,0.0001,0,465000,0.0,8525.4564,321494.96,25940.4
2024-09-25,37.67,0.0025,0,465000,0.0,8525.4564,321153.94,26004.15
2024-09-26,37.94,0.0081,0,465000,0.0,8525.4564,323455.82,26216.05
2024-09-27,38.31,-0.0014,7000,472000,182.7199,8708.1763,333610.23,26178.95
2024-09-30,37.97,-0.0141,1000,473000,26.3366,8734.5129,331649.45,25810.85
2024-10-01,38.1,-0.0005,1000,474000,26.2467,8760.7596,333784.94,25796.9
2024-10-03,37.49,-0.0212,1000,475000,26.6738,8787.4334,329440.88,25250.1
2024-10-04,37.01,-0.0093,1000,476000,27.0197,8814.4531,326222.91,25014.6
2024-10-07,37.09,-0.0087,1000,477000,26.9614,8841.4146,327928.07,24795.75
2024-10-08,37.14,0.0088,0,477000,0.0,8841.4146,328370.14,25013.15
2024-10-09,37.46,-0.0012,2000,479000,53.3903,8894.8048,333199.39,24981.95
2024-10-10,37.55,0.0007,0,479000,0.0,8894.8048,333999.92,24998.45
2024-10-11,37.58,-0.0014,2000,481000,53.2198,8948.0246,336266.77,24964.25
2024-10-14,37.77,0.0066,0,481000,0.0,8948.0246,337966.89,25127.95
2024-10-15,37.72,-0.0028,2000,483000,53.0223,9001.0469,339519.49,25057.35
2024-10-16,37.61,-0.0034,1000,484000,26.5887,9027.6356,339529.37,24971.3
2024-10-17,36.71,-0.0089,1000,485000,27.2405,9054.8761,332404.5,24749.85
2024-10-18,36.94,0.0042,0,485000,0.0,9054.8761,334487.12,24854.05
2024-10-21,36.52,-0.0029,2000,487000,54.7645,9109.6406,332684.08,24781.1
2024-10-22,35.51,-0.0125,1000,488000,28.1611,9137.8017,324483.34,24472.1
2024-10-23,35.25,-0.0015,1000,489000,28.3688,9166.1705,323107.51,24435.5
2024-10-24,35.29,-0.0015,1000,490000,28.3366,9194.5071,324474.16,24399.4
2024-10-25,34.53,-0.009,1000,491000,28.9603,9223.4675,318486.33,24180.8
2024-10-28,34.8,0.0065,0,491000,0.0,9223.4675,320976.67,24339.15
2024-10-29,35.03,0.0052,0,491000,0.0,9223.4675,323098.07,24466.85
2024-10-30,34.89,-0.0051,3000,494000,85.9845,9309.452,324806.78,24340.85
2024-10-31,34.82,-0.0056,1000,495000,28.7191,9338.1711,325155.12,24205.35
2024-11-01,35.11,0.0041,0,495000,0.0,9338.1711,327863.19,24304.35
2024-11-04,34.33,-0.0127,2000,497000,58.2581,9396.4292,322579.41,23995.35
2024-11-05,34.68,0.0091,0,497000,0.0,9396.4292,325868.16,24213.3
2024-11-06,35.44,0.0112,0,497000,0.0,9396.4292,333009.45,24484.05
2024-11-07,34.96,-0.0116,3000,500000,85.8124,9482.2416,331499.17,24199.35
2024-11-08,34.64,-0.0021,1000,501000,28.8684,9511.1099,329464.85,24148.2
2024-11-11,34.64,-0.0003,1000,502000,28.8684,9539.9783,330464.85,24141.3
2024-11-12,33.99,-0.0107,1000,503000,29.4204,9569.3987,325263.86,23883.45
2024-11-13,33.6,-0.0136,1000,504000,29.7619,9599.1606,322531.8,23559.05
2024-11-14,33.2,-0.0011,1000,505000,30.1205,9629.2811,319692.13,23532.7
2024-11-18,33.16,-0.0034,1000,506000,30.1568,9659.4379,320306.96,23453.8
2024-11-19,33.45,0.0028,0,506000,0.0,9659.4379,323108.2,23518.5
2024-11-21,32.9,-0.0072,2000,508000,60.7903,9720.2282,319795.51,23349.9
2024-11-22,33.53,0.0239,0,508000,0.0,9720.2282,325919.25,23907.25
2024-11-25,34.25,0.0132,0,508000,0.0,9720.2282,332917.82,24221.9
2024-11-26,34.06,-0.0011,3000,511000,88.0799,9808.308,334070.97,24194.5
2024-11-27,34.37,0.0033,0,511000,0.0,9808.308,337111.55,24274.9
2024-11-28,34.21,-0.0149,2000,513000,58.4624,9866.7705,337542.22,23914.15
2024-11-29,34.52,0.0091,0,513000,0.0,9866.7705,340600.92,24131.1
2024-12-02,34.63,0.006,0,513000,0.0,9866.7705,341686.26,24276.05
2024-12-03,35.05,0.0075,0,513000,0.0,9866.7705,345830.31,24457.15
2024-12-04,35.16,0.0004,0,513000,0.0,9866.7705,346915.65,24467.45
2024-12-05,35.27,0.0098,0,513000,0.0,9866.7705,348000.99,24708.4
2024-12-06,35.52,-0.0012,6000,519000,168.9189,10035.6894,356467.69,24677.8
2024-12-09,35.53,-0.0024,1000,520000,28.1452,10063.8346,357568.04,24619.0
2024-12-10,35.43,-0.0004,1000,521000,28.2247,10092.0593,357561.66,24610.05
2024-12-11,35.48,0.0013,0,521000,0.0,10092.0593,358066.26,24641.8
2024-12-12,35.32,-0.0038,2000,523000,56.6251,10148.6844,358451.53,24548.7
2024-12-13,35.41,0.0089,0,523000,0.0,10148.6844,359364.92,24768.3
2024-12-16,35.63,-0.004,2000,525000,56.1325,10204.8169,363597.63,24668.25
2024-12-17,35.14,-0.0135,1000,526000,28.4576,10233.2745,359597.27,24336.0
2024-12-18,34.71,-0.0056,1000,527000,28.8101,10262.0846,356196.96,24198.85
2024-12-19,34.4,-0.0102,1000,528000,29.0698,10291.1544,354015.71,23951.7
2024-12-20,33.49,-0.0152,1000,529000,29.8597,10321.0141,345650.76,23587.5
2024-12-23,33.51,0.007,0,529000,0.0,10321.0141,345857.18,23753.45
2024-12-24,33.5,-0.0011,2000,531000,59.7015,10380.7156,347753.97,23727.65
2024-12-26,33.73,0.001,0,531000,0.0,10380.7156,350141.54,23750.2
2024-12-27,33.6,0.0027,0,531000,0.0,10380.7156,348792.04,23813.4
2024-12-30,33.21,-0.0071,3000,534000,90.3342,10471.0498,347743.56,23644.9
2024-12-31,33.1,-0.0,1000,535000,30.2115,10501.2613,347591.75,23644.8
2025-01-01,33.12,0.0041,0,535000,0.0,10501.2613,347801.77,23742.9
2025-01-02,33.67,0.0188,0,535000,0.0,10501.2613,353577.47,24188.65
2025-01-03,33.51,-0.0076,3000,538000,89.5255,10590.7868,354897.27,24004.75
2025-01-06,32.8,-0.0162,1000,539000,30.4878,10621.2746,348377.81,23616.05
2025-01-07,32.63,0.0039,0,539000,0.0,10621.2746,346572.19,23707.9
2025-01-08,32.11,-0.0008,2000,541000,62.2859,10683.5605,343049.13,23688.95
2025-01-09,31.78,-0.0069,1000,542000,31.4663,10715.0268,340523.55,23526.5
2025-01-10,31.5,-0.004,1000,543000,31.746,10746.7729,338523.34,23431.5
2025-01-13,30.33,-0.0147,1000,544000,32.9707,10779.7435,326949.62,23085.95
2025-01-14,30.56,0.0039,0,544000,0.0,10779.7435,329428.96,23176.05
2025-01-15,30.78,0.0016,0,544000,0.0,10779.7435,331800.51,23213.2
2025-01-16,31.02,0.0042,0,544000,0.0,10779.7435,334387.64,23311.8
2025-01-17,30.87,-0.0047,4000,548000,129.5756,10909.3192,336770.68,23203.2
2025-01-20,30.93,0.0061,0,548000,0.0,10909.3192,337425.24,23344.75
2025-01-21,29.89,-0.0137,2000,550000,66.912,10976.2312,328079.55,23024.65
2025-01-22,29.79,0.0057,0,550000,0.0,10976.2312,326981.93,23155.35
2025-01-23,30.38,0.0022,0,550000,0.0,10976.2312,333457.9,23205.35
2025-01-24,30.17,-0.0049,3000,553000,99.4365,11075.6677,334152.89,23092.2
2025-01-27,29.3,-0.0114,1000,554000,34.1297,11109.7974,325517.06,22829.15
2025-01-28,28.89,0.0056,0,554000,0.0,11109.7974,320962.05,22957.25
2025-01-29,29.63,0.009,0,554000,0.0,11109.7974,329183.3,23163.1
2025-01-30,29.45,0.0037,0,554000,0.0,11109.7974,327183.53,23249.5
2025-01-31,29.77,0.0111,0,554000,0.0,11109.7974,330738.67,23508.4
2025-02-01,29.83,-0.0011,5000,559000,167.6165,11277.4139,336405.26,23482.15
2025-02-03,29.81,-0.0052,1000,560000,33.5458,11310.9597,337179.71,23361.05
2025-02-04,30.28,0.0162,0,560000,0.0,11310.9597,342495.86,23739.25
2025-02-05,30.44,-0.0018,2000,562000,65.703,11376.6627,346305.61,23696.3
2025-02-06,30.11,-0.0039,1000,563000,33.2116,11409.8742,343551.31,23603.35
2025-02-07,30.28,-0.0018,1000,564000,33.0251,11442.8993,346490.99,23559.95
2025-02-10,29.9,-0.0076,1000,565000,33.4448,11476.3442,343142.69,23381.6
2025-02-11,29.14,-0.0132,1000,566000,34.3171,11510.6612,335420.67,23071.8
2025-02-12,28.96,-0.0012,1000,567000,34.5304,11545.1916,334348.75,23045.25
2025-02-13,28.92,-0.0006,1000,568000,34.5781,11579.7698,334886.94,23031.4
2025-02-14,28.48,-0.0044,1000,569000,35.1124,11614.8821,330791.84,22929.25
2025-02-17,28.42,0.0013,0,569000,0.0,11614.8821,330094.95,22959.5
2025-02-18,28.49,-0.0006,2000,571000,70.2001,11685.0822,332907.99,22945.3
2025-02-19,28.67,-0.0005,1000,572000,34.8797,11719.9619,336011.31,22932.9
2025-02-20,28.83,-0.0009,1000,573000,34.6861,11754.648,338886.5,22913.15
2025-02-21,28.49,-0.0051,1000,574000,35.1,11789.748,335889.92,22795.9
2025-02-24,28.11,-0.0106,1000,575000,35.5745,11825.3225,332409.82,22553.35
2025-02-25,28.0,-0.0003,1000,576000,35.7143,11861.0368,332109.03,22547.55
2025-02-27,27.72,-0.0001,1000,577000,36.075,11897.1119,329787.94,22545.05
2025-02-28,26.93,-0.0186,1000,578000,37.1333,11934.2452,321389.22,22124.7
2025-03-03,27.09,-0.0002,1000,579000,36.914,11971.1592,324298.7,22119.3
2025-03-04,26.88,-0.0017,1000,580000,37.2024,12008.3615,322784.76,22082.65
2025-03-05,27.62,0.0115,0,580000,0.0,12008.3615,331670.95,22337.3
2025-03-06,27.63,0.0093,0,580000,0.0,12008.3615,331791.03,22544.7
2025-03-07,27.46,0.0003,0,580000,0.0,12008.3615,329749.61,22552.5
2025-03-10,26.97,-0.0041,4000,584000,148.3129,12156.6745,327865.51,22460.3
2025-03-11,27.07,0.0017,0,584000,0.0,12156.6745,329081.18,22497.9
2025-03-12,27.0,-0.0012,2000,586000,74.0741,12230.7485,330230.21,22470.5
2025-03-13,26.87,-0.0033,1000,587000,37.2162,12267.9648,329640.21,22397.2
2025-03-17,26.87,0.005,0,587000,0.0,12267.9648,329640.21,22508.75
2025-03-18,27.76,0.0145,0,587000,0.0,12267.9648,340558.7,22834.3
2025-03-19,28.03,0.0032,0,587000,0.0,12267.9648,343871.05,22907.6
2025-03-20,28.26,0.0124,0,587000,0.0,12267.9648,346692.68,23190.65
2025-03-21,28.36,0.0069,0,587000,0.0,12267.9648,347919.48,23350.4
2025-03-24,28.78,0.0132,0,587000,0.0,12267.9648,353072.03,23658.35
2025-03-25,28.58,0.0004,0,587000,0.0,12267.9648,350618.43,23668.65
2025-03-26,28.35,-0.0077,8000,595000,282.1869,12550.1517,355796.8,23486.85
2025-03-27,28.42,0.0045,0,595000,0.0,12550.1517,356675.31,23591.95
2025-03-28,28.26,-0.0031,2000,597000,70.7714,12620.9231,356667.29,23519.35
2025-04-01,27.91,-0.015,1000,598000,35.8295,12656.7526,353249.96,23165.7
2025-04-02,28.38,0.0072,0,598000,0.0,12656.7526,359198.64,23332.35
2025-04-03,28.05,-0.0035,2000,600000,71.3012,12728.0538,357021.91,23250.1
2025-04-04,27.18,-0.0149,1000,601000,36.7918,12764.8456,346948.5,22904.45
2025-04-07,26.2,-0.0324,1000,602000,38.1679,12803.0135,335438.95,22161.6
2025-04-08,26.76,0.0169,0,602000,0.0,12803.0135,342608.64,22535.85
2025-04-09,26.46,-0.0061,2000,604000,75.5858,12878.5993,340767.74,22399.15
2025-04-11,27.07,0.0192,0,604000,0.0,12878.5993,348623.68,22828.55
2025-04-15,27.78,0.0219,0,604000,0.0,12878.5993,357767.49,23328.55
2025-04-16,27.94,0.0047,0,604000,0.0,12878.5993,359828.06,23437.2
2025-04-17,28.18,0.0177,0,604000,0.0,12878.5993,362918.93,23851.65
2025-04-21,28.85,0.0115,0,604000,0.0,12878.5993,371547.59,24125.55
2025-04-22,28.98,0.0017,0,604000,0.0,12878.5993,373221.81,24167.25
2025-04-23,29.51,0.0067,0,604000,0.0,12878.5993,380047.47,24328.95
2025-04-24,29.52,-0.0034,8000,612000,271.0027,13149.602,388176.25,24246.7
2025-04-25,29.06,-0.0086,1000,613000,34.4116,13184.0136,383127.43,24039.35
2025-04-28,29.42,0.012,0,613000,0.0,13184.0136,387873.68,24328.5
2025-04-29,29.59,0.0003,0,613000,0.0,13184.0136,390114.96,24335.95
2025-04-30,29.38,-0.0001,3000,616000,102.1103,13286.1239,390346.32,24334.2
2025-05-02,29.44,0.0005,0,616000,0.0,13286.1239,391143.49,24346.7
2025-05-05,29.78,0.0047,0,616000,0.0,13286.1239,395660.77,24461.15
2025-05-06,29.37,-0.0033,3000,619000,102.145,13388.2689,393213.46,24379.6
2025-05-07,29.69,0.0014,0,619000,0.0,13388.2689,397497.7,24414.4
2025-05-08,29.28,-0.0058,2000,621000,68.306,13456.5749,394008.51,24273.8
2025-05-09,29.09,-0.011,1000,622000,34.3761,13490.951,392451.76,24008.0
2025-05-12,30.29,0.0382,0,622000,0.0,13490.951,408640.91,24924.7
2025-05-13,30.26,-0.0139,2000,624000,66.0939,13557.0449,410236.18,24578.35
2025-05-14,30.55,0.0036,0,624000,0.0,13557.0449,414167.72,24666.9
2025-05-15,30.87,0.016,0,624000,0.0,13557.0449,418505.97,25062.1
2025-05-16,30.95,-0.0017,3000,627000,96.9305,13653.9754,422590.54,25019.8
2025-05-19,30.87,-0.003,1000,628000,32.3939,13686.3693,422498.22,24945.45
2025-05-20,30.44,-0.0105,1000,629000,32.8515,13719.2208,417613.08,24683.9
2025-05-21,30.71,0.0052,0,629000,0.0,13719.2208,421317.27,24813.45
2025-05-22,30.44,-0.0082,2000,631000,65.703,13784.9238,419613.08,24609.7
2025-05-23,30.59,0.0099,0,631000,0.0,13784.9238,421680.82,24853.15
2025-05-26,30.84,0.006,0,631000,0.0,13784.9238,425127.05,25001.15
2025-05-27,30.69,-0.007,3000,634000,97.7517,13882.6755,426059.31,24826.2
2025-05-28,30.23,-0.003,1000,635000,33.0797,13915.7553,420673.28,24752.45
2025-05-29,30.83,0.0033,0,635000,0.0,13915.7553,429022.73,24833.6
2025-05-30,30.58,-0.0033,2000,637000,65.4022,13981.1575,427543.8,24750.7
2025-06-02,30.82,-0.0014,1000,638000,32.4465,14013.604,431899.27,24716.6
2025-06-03,30.71,-0.007,1000,639000,32.5627,14046.1666,431357.78,24542.5
2025-06-04,30.97,0.0032,0,639000,0.0,14046.1666,435009.78,24620.2
2025-06-05,31.34,0.0053,0,639000,0.0,14046.1666,440206.86,24750.9
2025-06-06,31.57,0.0102,0,639000,0.0,14046.1666,443437.48,25003.05
2025-06-09,31.82,0.004,0,639000,0.0,14046.1666,446949.02,25103.2
2025-06-10,31.87,0.0,0,639000,0.0,14046.1666,447651.33,25104.25
2025-06-11,31.92,0.0015,0,639000,0.0,14046.1666,448353.64,25141.4
2025-06-12,31.44,-0.0101,7000,646000,222.6463,14268.8129,448611.48,24888.2
2025-06-13,31.35,-0.0068,1000,647000,31.8979,14300.7109,448327.29,24718.6
2025-06-16,31.49,0.0092,0,647000,0.0,14300.7109,450329.39,24946.5
2025-06-17,31.56,-0.0037,2000,649000,63.3714,14364.0822,453330.44,24853.4
2025-06-18,31.5,-0.0017,1000,650000,31.746,14395.8283,453468.59,24812.05
2025-06-19,31.29,-0.0008,1000,651000,31.9591,14427.7874,451445.47,24793.25
2025-06-20,31.68,0.0129,0,651000,0.0,14427.7874,457072.3,25112.4
2025-06-23,31.73,-0.0056,2000,653000,63.0318,14490.8192,459793.69,24971.9
2025-06-24,31.8,0.0029,0,653000,0.0,14490.8192,460808.05,25044.35
2025-06-25,31.95,0.008,0,653000,0.0,14490.8192,462981.67,25244.75
2025-06-26,32.11,0.0121,0,653000,0.0,14490.8192,465300.2,25549.0
2025-06-27,32.12,0.0035,0,653000,0.0,14490.8192,465445.11,25637.8
2025-06-30,32.15,-0.0047,5000,658000,155.521,14646.3402,470879.84,25517.05
2025-07-01,32.18,0.001,0,658000,0.0,14646.3402,471319.23,25541.8
2025-07-02,31.98,-0.0035,2000,660000,62.5391,14708.8793,470389.96,25453.4
2025-07-03,31.8,-0.0019,1000,661000,31.4465,14740.3258,468742.36,25405.3
2025-07-04,31.73,0.0022,0,661000,0.0,14740.3258,467710.54,25461.0
2025-07-07,31.66,0.0,0,661000,0.0,14740.3258,466678.71,25461.3
2025-07-08,31.68,0.0024,0,661000,0.0,14740.3258,466973.52,25522.5
2025-07-09,31.67,-0.0018,4000,665000,126.3025,14866.6283,470826.12,25476.1
2025-07-10,31.49,-0.0047,1000,666000,31.7561,14898.3844,469150.13,25355.25
2025-07-11,31.21,-0.0081,1000,667000,32.041,14930.4254,465978.58,25149.85
2025-07-14,31.21,-0.0027,1000,668000,32.041,14962.4664,466978.58,25082.3
2025-07-15,31.4,0.0045,0,668000,0.0,14962.4664,469821.45,25195.8
2025-07-16,31.42,0.0006,0,668000,0.0,14962.4664,470120.7,25212.05
2025-07-17,31.17,-0.004,3000,671000,96.2464,15058.7128,469380.08,25111.45
2025-07-18,30.98,-0.0057,1000,672000,32.2789,15090.9917,467518.92,24968.4
2025-07-21,31.2,0.0049,0,672000,0.0,15090.9917,470838.94,25090.7
2025-07-22,31.26,-0.0012,2000,674000,63.9795,15154.9712,473744.4,25060.9
2025-07-23,31.38,0.0063,0,674000,0.0,15154.9712,475563.0,25219.9
2025-07-24,31.11,-0.0063,2000,676000,64.288,15219.2593,473471.16,25062.1
2025-07-25,30.85,-0.009,1000,677000,32.4149,15251.6742,470514.15,24837.0
2025-07-28,30.5,-0.0063,1000,678000,32.7869,15284.4611,466176.06,24680.9
2025-07-29,30.57,0.0057,0,678000,0.0,15284.4611,467245.97,24821.1
2025-07-30,30.5,0.0014,0,678000,0.0,15284.4611,466176.06,24855.05
2025-07-31,30.5,-0.0035,3000,681000,98.3607,15382.8217,469176.06,24768.35
2025-08-01,30.22,-0.0082,1000,682000,33.0907,15415.9124,465868.87,24565.35
2025-08-04,30.45,0.0064,0,682000,0.0,15415.9124,469414.53,24722.75
2025-08-05,30.38,-0.003,2000,684000,65.8328,15481.7452,470335.42,24649.55
2025-08-06,30.25,-0.0031,1000,685000,33.0579,15514.803,469322.79,24574.2
2025-08-07,30.33,0.0009,0,685000,0.0,15514.803,470563.98,24596.15
2025-08-08,29.99,-0.0095,2000,687000,66.6889,15581.4919,467288.94,24363.3
2025-08-11,30.27,0.0091,0,687000,0.0,15581.4919,471651.76,24585.05
2025-08-12,30.08,-0.004,2000,689000,66.4894,15647.9813,470691.28,24487.4
2025-08-13,30.46,0.0054,0,689000,0.0,15647.9813,476637.51,24619.35
2025-08-14,30.5,0.0005,0,689000,0.0,15647.9813,477263.43,24631.3
2025-08-18,30.99,0.01,0,689000,0.0,15647.9813,484930.94,24876.95
2025-08-19,30.89,0.0042,0,689000,0.0,15647.9813,483366.14,24980.65
2025-08-20,31.02,0.0028,0,689000,0.0,15647.9813,485400.38,25050.55
2025-08-21,30.93,0.0013,0,689000,0.0,15647.9813,483992.06,25083.75
2025-08-22,30.87,-0.0085,7000,696000,226.7574,15874.7386,490053.18,24870.1
2025-08-25,30.95,0.0039,0,696000,0.0,15874.7386,491323.16,24967.75
2025-08-26,30.45,-0.0102,2000,698000,65.6814,15940.4201,485385.79,24712.05
2025-08-28,30.09,-0.0085,1000,699000,33.2336,15973.6537,480647.24,24500.9
2025-08-29,29.98,-0.003,1000,700000,33.3556,16007.0093,479890.14,24426.85
2025-09-01,30.38,0.0081,0,700000,0.0,16007.0093,486292.94,24625.05
2025-09-02,30.32,-0.0018,2000,702000,65.9631,16072.9723,487332.52,24579.6
2025-09-03,30.42,0.0055,0,702000,0.0,16072.9723,488939.82,24715.05
2025-09-04,30.32,0.0008,0,702000,0.0,16072.9723,487332.52,24734.3
2025-09-05,30.49,0.0003,0,702000,0.0,16072.9723,490064.93,24741.0
2025-09-08,30.51,0.0013,0,702000,0.0,16072.9723,490386.39,24773.15
2025-09-09,30.51,0.0039,0,702000,0.0,16072.9723,490386.39,24868.6
2025-09-10,30.79,0.0042,0,702000,0.0,16072.9723,494886.82,24973.1
2025-09-11,30.75,0.0013,0,702000,0.0,16072.9723,494243.9,25005.5
2025-09-12,31.06,0.0043,0,702000,0.0,16072.9723,499226.52,25114.0
2025-09-15,31.07,-0.0018,9000,711000,289.6685,16362.6408,508387.25,25069.2
2025-09-16,31.17,0.0068,0,711000,0.0,16362.6408,510023.51,25239.1
2025-09-17,31.21,0.0036,0,711000,0.0,16362.6408,510678.02,25330.25
2025-09-18,31.35,0.0037,0,711000,0.0,16362.6408,512968.79,25423.6
2025-09-19,31.16,-0.0038,4000,715000,128.3697,16491.0105,513859.89,25327.05
2025-09-22,31.22,-0.0049,1000,716000,32.0307,16523.0413,515849.35,25202.35
2025-09-23,31.09,-0.0013,1000,717000,32.1647,16555.206,514701.35,25169.5
2025-09-24,30.82,-0.0045,1000,718000,32.4465,16587.6524,511231.45,25056.9
2025-09-25,30.6,-0.0066,1000,719000,32.6797,16620.3322,508582.16,24890.85
2025-09-26,30.19,-0.0095,1000,720000,33.1236,16653.4557,502767.83,24654.7
2025-09-29,30.12,-0.0008,1000,721000,33.2005,16686.6563,502602.09,24634.9
2025-09-30,30.13,-0.001,1000,722000,33.1895,16719.8458,503768.95,24611.1
2025-10-01,30.45,0.0092,0,722000,0.0,16719.8458,509119.3,24836.3
2025-10-03,30.47,0.0023,0,722000,0.0,16719.8458,509453.7,24894.25
2025-10-06,30.95,0.0074,0,722000,0.0,16719.8458,517479.23,25077.65
2025-10-07,31.03,0.0012,0,722000,0.0,16719.8458,518816.81,25108.3
2025-10-08,31.02,-0.0025,5000,727000,161.1863,16881.0321,523649.62,25046.15
2025-10-09,31.21,0.0054,0,727000,0.0,16881.0321,526857.01,25181.8
2025-10-10,31.34,0.0041,0,727000,0.0,16881.0321,529051.55,25285.35
2025-10-13,31.41,-0.0023,3000,730000,95.511,16976.5431,533233.22,25227.35
2025-10-14,31.27,-0.0032,1000,731000,31.9795,17008.5226,531856.5,25145.5
