Date,ETF Close,NIFTY Return,RSI,MA20,Invested Today,Carry Over,Additional Invest,Total Invested,Units Bought,Total Units,Portfolio Value,NIFTY Close,Daily_Return
2023-01-31,11.66,0.0153,30.97,11780.22,0.0,1000.0,0.0,0.0,0.0,0.0,0.0,11596.65,
2023-02-01,11.55,-0.0085,28.73,11755.39,1926.85,500.0,426.85,1926.85,166.8266,166.8266,1926.85,11497.65,inf
2023-02-02,11.57,0.0018,31.32,11736.94,0.0,1500.0,0.0,1926.85,0.0,166.8266,1930.18,11518.05,0.0017282092534447457
2023-02-03,11.56,-0.0012,31.06,11715.54,1807.95,750.0,57.95,3734.8,156.3973,323.2239,3736.47,11504.7,0.9358142763887305
2023-02-06,11.64,0.0085,39.36,11703.15,0.0,1750.0,0.0,3734.8,0.0,323.2239,3762.33,11602.95,0.006920970862873244
2023-02-07,11.62,-0.0001,39.59,11685.79,1880.82,875.0,5.82,5615.62,161.8604,485.0843,5636.68,11601.6,0.49818862247596574
2023-02-08,11.75,0.0084,42.56,11675.78,0.0,1875.0,0.0,5615.62,0.0,485.0843,5699.74,11699.35,0.011187436576140408
2023-02-09,11.77,0.0009,43.66,11668.11,0.0,2875.0,0.0,5615.62,0.0,485.0843,5709.44,11709.45,0.0017018320133901366
2023-02-10,11.79,0.0025,49.42,11663.2,0.0,3875.0,0.0,5615.62,0.0,485.0843,5719.14,11738.3,0.001698940701715168
2023-02-13,11.63,-0.0131,41.1,11650.93,3590.7,1937.5,653.2,9206.32,308.7449,793.8292,9232.23,11584.95,0.6142689285452008
2023-02-14,11.59,-0.0043,40.76,11637.66,2184.33,968.75,215.58,11390.65,188.4669,982.2961,11384.81,11535.0,0.2331592692123139
2023-02-15,11.65,0.0048,50.37,11627.5,0.0,1968.75,0.0,11390.65,0.0,982.2961,11443.75,11590.35,0.005177073662186782
2023-02-16,11.73,0.0077,63.19,11619.28,0.0,2968.75,0.0,11390.65,0.0,982.2961,11522.33,11679.2,0.006866630256690431
2023-02-17,11.66,-0.0063,59.51,11607.94,0.0,3968.75,314.88,11390.65,0.0,982.2961,11453.57,11605.65,-0.005967543022982302
2023-02-20,11.66,0.0,50.6,11600.8,0.0,4968.75,0.0,11390.65,0.0,982.2961,11453.57,11606.15,0.0
2023-02-21,11.69,-0.0027,55.36,11591.0,0.0,5968.75,133.77,11390.65,0.0,982.2961,11483.04,11575.1,0.002572996890925827
2023-02-22,11.52,-0.01,46.4,11577.47,0.0,6968.75,500.64,11390.65,0.0,982.2961,11316.05,11459.2,-0.014542316320417026
2023-02-23,11.5,-0.0024,45.59,11569.87,0.0,7968.75,121.95,11390.65,0.0,982.2961,11296.41,11431.25,-0.001735587948091366
2023-02-24,11.45,-0.0024,36.91,11568.06,5106.41,3984.38,122.03,16497.06,445.9746,1428.2707,16353.7,11403.35,0.44769001833325817
2023-02-27,11.42,-0.0056,34.13,11563.94,3270.61,1992.19,278.43,19767.68,286.3936,1714.6642,19581.47,11339.85,0.19737246005491116
2023-02-28,11.47,0.0063,31.95,11554.67,0.0,2992.19,0.0,19767.68,0.0,1714.6642,19667.2,11411.25,0.0043781187009963585
2023-03-01,11.64,0.0141,42.77,11558.4,0.0,3992.19,0.0,19767.68,0.0,1714.6642,19958.69,11572.2,0.014821123494956012
2023-03-02,11.61,-0.0022,39.88,11559.84,3104.76,1996.09,108.67,22872.44,267.4211,1982.0854,23012.01,11547.05,0.15298198428854803
2023-03-03,11.65,0.005,51.19,11564.87,0.0,2996.09,0.0,22872.44,0.0,1982.0854,23091.29,11605.2,0.003445157550340028
2023-03-06,11.74,0.007,58.61,11569.07,0.0,3996.09,0.0,22872.44,0.0,1982.0854,23269.68,11686.9,0.007725423742025672
2023-03-08,11.75,0.0032,57.77,11575.22,0.0,4996.09,0.0,22872.44,0.0,1982.0854,23289.5,11724.6,0.0008517521512974024
2023-03-09,11.74,-0.0055,48.86,11573.25,0.0,5996.09,275.49,22872.44,0.0,1982.0854,23269.68,11660.0,-0.000851027286974837
2023-03-10,11.65,-0.0067,48.61,11566.88,0.0,6996.09,333.83,22872.44,0.0,1982.0854,23091.29,11582.15,-0.007666199105445304
2023-03-13,11.43,-0.0179,39.01,11548.73,5391.45,3498.05,893.4,28263.88,471.6927,2453.7781,28046.68,11375.2,0.2145999638824856
2023-03-14,11.34,-0.0062,37.6,11534.72,3058.91,1749.02,309.88,31322.79,269.745,2723.523,30884.75,11304.7,0.10119094309914756
2023-03-15,11.36,0.0004,42.31,11523.41,0.0,2749.02,0.0,31322.79,0.0,2723.523,30939.22,11308.8,0.0017636535830791722
2023-03-16,11.37,-0.0003,43.39,11509.15,2390.43,1374.51,15.92,33713.22,210.24,2933.763,33356.89,11305.2,0.07814256468004044
2023-03-17,11.42,0.0043,47.48,11492.9,0.0,2374.51,0.0,33713.22,0.0,2933.763,33503.57,11354.25,0.004397292433437228
2023-03-20,11.31,-0.0096,45.38,11474.9,0.0,3374.51,478.46,33713.22,0.0,2933.763,33180.86,11245.6,-0.009632107861938244
2023-03-21,11.37,0.0056,44.9,11460.0,0.0,4374.51,0.0,33713.22,0.0,2933.763,33356.89,11308.1,0.0053051668944084085
2023-03-22,11.37,0.0028,36.79,11448.2,0.0,5374.51,0.0,33713.22,0.0,2933.763,33356.89,11339.2,0.0
2023-03-23,11.36,-0.0038,36.04,11440.03,3878.63,2687.26,191.37,37591.85,341.4285,3275.1915,37206.18,11295.8,0.11539714883491836
2023-03-24,11.23,-0.0116,27.36,11426.7,2924.15,1343.63,580.53,40516.0,260.3877,3535.5792,39704.55,11164.65,0.0671493284180209
2023-03-27,11.12,-0.0056,19.34,11411.64,1951.94,671.81,280.13,42467.94,175.5341,3711.1133,41267.58,11102.1,0.03936652096548121
2023-03-28,11.1,-0.0033,15.41,11397.93,1500.07,335.91,164.16,43968.0,135.141,3846.2543,42693.42,11065.65,0.034551093134125965
2023-03-29,11.3,0.0167,30.93,11389.9,0.0,1335.91,0.0,43968.0,0.0,3846.2543,43462.67,11250.7,0.018017999026547882
2023-03-31,11.4,0.009,39.52,11378.9,0.0,2335.91,0.0,43968.0,0.0,3846.2543,43847.3,11352.25,0.008849663400799068
2023-04-03,11.45,0.0046,51.55,11371.77,0.0,3335.91,0.0,43968.0,0.0,3846.2543,44039.61,11404.35,0.004385902894818994
2023-04-05,11.44,0.001,56.29,11362.3,0.0,4335.91,0.0,43968.0,0.0,3846.2543,44001.15,11415.75,-0.0008733047363498336
2023-04-06,11.54,0.0066,59.56,11352.51,0.0,5335.91,0.0,43968.0,0.0,3846.2543,44385.77,11491.2,0.008741135174876069
2023-04-10,11.59,0.0036,61.47,11342.92,0.0,6335.91,0.0,43968.0,0.0,3846.2543,44578.09,11532.85,0.004332920212942071
2023-04-11,11.64,0.0043,61.51,11339.06,0.0,7335.91,0.0,43968.0,0.0,3846.2543,44770.4,11582.8,0.004314002686073071
2023-04-12,11.71,0.006,71.32,11342.57,0.0,8335.91,0.0,43968.0,0.0,3846.2543,45039.64,11652.3,0.0060137948287259935
2023-04-13,11.73,0.0016,69.95,11357.37,0.0,9335.91,0.0,43968.0,0.0,3846.2543,45116.56,11671.2,0.0017078289258083412
2023-04-17,11.77,0.0037,70.34,11377.86,0.0,10335.91,0.0,43968.0,0.0,3846.2543,45270.41,11714.45,0.0034100560858365547
2023-04-18,11.85,0.0059,75.72,11401.59,0.0,11335.91,0.0,43968.0,0.0,3846.2543,45578.11,11783.35,0.0067969342446865255
2023-04-19,11.82,-0.0016,85.84,11424.52,0.0,12335.91,82.32,43968.0,0.0,3846.2543,45462.73,11763.95,-0.0025314783785461703
2023-04-20,11.81,-0.0007,91.83,11444.61,0.0,13335.91,34.0,43968.0,0.0,3846.2543,45424.26,11755.95,-0.0008461876354544096
2023-04-21,11.76,-0.0041,90.45,11467.71,0.0,14335.91,205.85,43968.0,0.0,3846.2543,45231.95,11707.55,-0.004233640790185844
2023-04-24,11.8,0.0027,88.15,11489.23,0.0,15335.91,0.0,43968.0,0.0,3846.2543,45385.8,11738.6,0.003401356784308529
2023-04-25,11.77,-0.0007,84.65,11508.8,0.0,16335.91,34.08,43968.0,0.0,3846.2543,45270.41,11730.6,-0.002542425163817752
2023-04-26,11.8,0.0011,83.45,11531.17,0.0,17335.91,0.0,43968.0,0.0,3846.2543,45385.8,11743.1,0.0025489055654674964
2023-04-27,11.87,0.0058,85.12,11563.51,0.0,18335.91,0.0,43968.0,0.0,3846.2543,45655.04,11811.5,0.005932251937830646
2023-04-28,11.97,0.0112,86.48,11605.58,0.0,19335.91,0.0,43968.0,0.0,3846.2543,46039.66,11943.55,0.008424480626892494
2023-05-02,12.13,0.0078,87.53,11654.16,0.0,20335.91,0.0,43968.0,0.0,3846.2543,46655.06,12037.15,0.013366736418122915
2023-05-03,12.13,0.0025,87.14,11694.96,0.0,21335.91,0.0,43968.0,0.0,3846.2543,46655.06,12066.75,0.0
2023-05-04,12.19,0.0065,87.32,11734.62,0.0,22335.91,0.0,43968.0,0.0,3846.2543,46885.84,12145.5,0.004946515983475397
2023-05-05,12.1,-0.0065,77.37,11767.71,0.0,23335.91,327.08,43968.0,0.0,3846.2543,46539.68,12066.05,-0.007383039314215023
2023-05-08,12.22,0.0093,79.33,11805.8,0.0,24335.91,0.0,43968.0,0.0,3846.2543,47001.23,12177.7,0.00991734365169683
2023-05-09,12.29,0.0006,77.58,11840.49,0.0,25335.91,0.0,43968.0,0.0,3846.2543,47270.46,12184.95,0.005728147965489372
2023-05-10,12.25,0.0008,79.99,11873.61,0.0,26335.91,0.0,43968.0,0.0,3846.2543,47116.61,12195.2,-0.00325467533000523
2023-05-11,12.29,0.0031,81.85,11906.11,0.0,27335.91,0.0,43968.0,0.0,3846.2543,47270.46,12232.85,0.0032653028305729137
2023-05-12,12.24,-0.003,83.15,11933.3,0.0,28335.91,150.21,43968.0,0.0,3846.2543,47078.15,12196.1,-0.004068291275354574
2023-05-15,12.3,0.0056,83.96,11962.98,0.0,29335.91,0.0,43968.0,0.0,3846.2543,47308.93,12264.65,0.004902061784500811
2023-05-16,12.35,0.0023,85.38,11991.9,0.0,30335.91,0.0,43968.0,0.0,3846.2543,47501.24,12293.05,0.004064983080361406
2023-05-17,12.35,-0.0007,84.21,12016.96,0.0,31335.91,35.39,43968.0,0.0,3846.2543,47501.24,12284.35,0.0
2023-05-18,12.26,-0.0057,75.36,12039.45,0.0,32335.91,287.15,43968.0,0.0,3846.2543,47155.08,12213.8,-0.007287388708168363
2023-05-19,12.26,-0.0013,68.84,12061.57,0.0,33335.91,62.84,43968.0,0.0,3846.2543,47155.08,12198.45,0.0
2023-05-22,12.32,0.0054,67.52,12089.43,0.0,34335.91,0.0,43968.0,0.0,3846.2543,47385.85,12264.65,0.004893852369670437
2023-05-23,12.36,0.0058,69.47,12119.28,0.0,35335.91,0.0,43968.0,0.0,3846.2543,47539.7,12335.65,0.003246749820885242
2023-05-24,12.41,0.0015,66.54,12150.44,0.0,36335.91,0.0,43968.0,0.0,3846.2543,47732.02,12353.9,0.004045460951583646
2023-05-25,12.46,0.0031,77.69,12182.9,0.0,37335.91,0.0,43968.0,0.0,3846.2543,47924.33,12392.15,0.004028951634563294
2023-05-26,12.53,0.0076,77.03,12216.66,0.0,38335.91,0.0,43968.0,0.0,3846.2543,48193.57,12486.85,0.005618023246229953
2023-05-29,12.56,0.0035,78.41,12246.02,0.0,39335.91,0.0,43968.0,0.0,3846.2543,48308.95,12530.7,0.0023940953118848363
2023-05-30,12.64,0.0037,79.61,12273.0,0.0,40335.91,0.0,43968.0,0.0,3846.2543,48616.65,12576.6,0.0063694201592046085
2023-05-31,12.6,0.0037,79.89,12300.82,0.0,41335.91,0.0,43968.0,0.0,3846.2543,48462.8,12623.35,-0.003164553707423301
2023-06-01,12.82,0.0019,85.24,12325.95,0.0,42335.91,0.0,43968.0,0.0,3846.2543,49308.98,12647.95,0.017460402618090676
2023-06-02,12.73,0.0045,84.98,12357.92,0.0,43335.91,0.0,43968.0,0.0,3846.2543,48962.82,12705.4,-0.007020222279998545
2023-06-05,12.81,0.003,85.21,12386.2,0.0,44335.91,0.0,43968.0,0.0,3846.2543,49270.52,12743.35,0.006284360255393695
2023-06-06,12.79,0.0011,86.68,12414.82,0.0,45335.91,0.0,43968.0,0.0,3846.2543,49193.59,12757.4,-0.0015613799083102897
2023-06-07,12.97,0.0112,97.86,12450.1,0.0,46335.91,0.0,43968.0,0.0,3846.2543,49885.92,12900.8,0.014073581537757285
2023-06-08,12.87,-0.0054,91.01,12480.03,0.0,47335.91,268.98,43968.0,0.0,3846.2543,49501.29,12831.4,-0.007710191573093161
2023-06-09,12.88,-0.0013,88.09,12510.96,0.0,48335.91,64.69,43968.0,0.0,3846.2543,49539.75,12814.8,0.0007769494491962625
2023-06-12,12.95,0.0059,88.17,12542.26,0.0,49335.91,0.0,43968.0,0.0,3846.2543,49808.99,12890.6,0.005434827587947
2023-06-13,13.1,0.0118,90.0,12579.72,0.0,50335.91,0.0,43968.0,0.0,3846.2543,50385.93,13042.2,0.011583049565951908
2023-06-14,13.12,0.0028,89.98,12619.44,0.0,51335.91,0.0,43968.0,0.0,3846.2543,50462.86,13078.75,0.001526815124777814
2023-06-15,13.19,0.0017,89.06,12663.79,0.0,52335.91,0.0,43968.0,0.0,3846.2543,50732.09,13100.9,0.005335210885788033
2023-06-16,13.28,0.007,89.69,12713.52,0.0,53335.91,0.0,43968.0,0.0,3846.2543,51078.26,13192.9,0.006823491797795178
2023-06-19,13.33,0.0002,89.12,12760.04,0.0,54335.91,0.0,43968.0,0.0,3846.2543,51270.57,13195.05,0.003765006873765797
2023-06-20,13.35,0.0046,89.31,12806.05,0.0,55335.91,0.0,43968.0,0.0,3846.2543,51347.49,13255.9,0.0015002758892674883
2023-06-21,13.43,0.0073,90.2,12856.02,0.0,56335.91,0.0,43968.0,0.0,3846.2543,51655.19,13353.3,0.0059925032362828645
2023-06-22,13.33,-0.0083,78.8,12898.5,0.0,57335.91,417.5,43968.0,0.0,3846.2543,51270.57,13241.8,-0.007445912017746914
2023-06-23,13.16,-0.0124,65.8,12928.03,0.0,58335.91,620.38,43968.0,0.0,3846.2543,50616.71,13077.5,-0.012753125233442852
2023-06-26,13.29,0.0084,68.64,12960.88,0.0,59335.91,0.0,43968.0,0.0,3846.2543,51116.72,13187.55,0.0098783583524098
2023-06-27,13.33,0.0048,66.29,12994.58,0.0,60335.91,0.0,43968.0,0.0,3846.2543,51270.57,13250.6,0.0030097784051872356
2023-06-28,13.46,0.005,72.67,13029.23,0.0,61335.91,0.0,43968.0,0.0,3846.2543,51770.58,13316.45,0.009752378411240548
2023-06-30,13.48,0.0064,75.77,13066.9,0.0,62335.91,0.0,43968.0,0.0,3846.2543,51847.51,13401.45,0.001485979102416879
2023-07-03,13.51,0.002,74.66,13103.02,0.0,63335.91,0.0,43968.0,0.0,3846.2543,51962.89,13427.6,0.0022253720574043623
2023-07-04,13.46,-0.0017,68.92,13136.11,0.0,64335.91,83.41,43968.0,0.0,3846.2543,51770.58,13405.2,-0.003700910399710211
2023-07-05,13.56,0.0057,70.16,13172.32,0.0,65335.91,0.0,43968.0,0.0,3846.2543,52155.21,13481.65,0.007429509192286465
2023-07-06,13.65,0.0083,72.61,13206.94,0.0,66335.91,0.0,43968.0,0.0,3846.2543,52501.37,13593.1,0.006637112572262849
2023-07-07,13.59,-0.0075,63.55,13239.9,0.0,67335.91,376.66,43968.0,0.0,3846.2543,52270.6,13490.7,-0.004395504345886647
2023-07-10,13.52,-0.0042,60.33,13270.84,0.0,68335.91,212.0,43968.0,0.0,3846.2543,52001.36,13433.5,-0.0051508878796110436
2023-07-11,13.62,0.0075,61.66,13303.02,0.0,69335.91,0.0,43968.0,0.0,3846.2543,52385.98,13534.35,0.007396345018668704
2023-07-12,13.67,0.0049,60.61,13330.91,0.0,70335.91,0.0,43968.0,0.0,3846.2543,52578.3,13600.0,0.0036712112668313424
2023-07-13,13.6,-0.0057,62.43,13353.09,0.0,71335.91,285.29,43968.0,0.0,3846.2543,52309.06,13522.4,-0.005120743728876831
2023-07-14,13.75,0.01,76.38,13380.92,0.0,72335.91,0.0,43968.0,0.0,3846.2543,52886.0,13657.45,0.011029446906520635
2023-07-17,13.78,0.0038,75.06,13406.73,0.0,73335.91,0.0,43968.0,0.0,3846.2543,53001.38,13709.1,0.002181673788904437
2023-07-18,13.78,-0.0015,71.91,13431.39,0.0,74335.91,76.23,43968.0,0.0,3846.2543,53001.38,13688.2,0.0
2023-07-19,13.86,0.006,72.35,13457.08,0.0,75335.91,0.0,43968.0,0.0,3846.2543,53309.08,13769.8,0.005805509215043081
2023-07-20,13.9,0.0022,70.75,13479.4,0.0,76335.91,0.0,43968.0,0.0,3846.2543,53462.93,13799.55,0.002885999908458281
2023-07-21,13.85,-0.0019,67.99,13505.95,0.0,77335.91,96.74,43968.0,0.0,3846.2543,53270.62,13772.85,-0.0035970718402451585
2023-07-24,13.88,-0.0008,68.83,13540.19,0.0,78335.91,38.66,43968.0,0.0,3846.2543,53386.01,13762.2,0.002166109574095465
2023-07-25,13.92,0.0049,68.52,13572.26,0.0,79335.91,0.0,43968.0,0.0,3846.2543,53539.86,13829.15,0.0028818411415274525
2023-07-26,13.97,0.0032,66.08,13603.4,0.0,80335.91,0.0,43968.0,0.0,3846.2543,53732.17,13873.3,0.0035919033034452763
2023-07-27,13.99,0.0018,75.7,13632.52,0.0,81335.91,0.0,43968.0,0.0,3846.2543,53809.1,13898.9,0.0014317307490094855
2023-07-28,14.08,0.0055,83.31,13661.25,0.0,82335.91,0.0,43968.0,0.0,3846.2543,54155.26,13976.0,0.006433112614780745
2023-07-31,14.24,0.0117,84.52,13696.87,0.0,83335.91,0.0,43968.0,0.0,3846.2543,54770.66,14140.0,0.011363623773572584
2023-08-01,14.22,0.0008,83.49,13734.16,0.0,84335.91,0.0,43968.0,0.0,3846.2543,54693.74,14151.0,-0.0014044015536786025
2023-08-02,14.08,-0.0124,74.58,13758.84,0.0,85335.91,621.16,43968.0,0.0,3846.2543,54155.26,13975.2,-0.009845368043947866
2023-08-03,14.08,0.0003,70.36,13778.14,0.0,86335.91,0.0,43968.0,0.0,3846.2543,54155.26,13979.05,0.0
2023-08-04,14.19,0.0072,72.08,13807.56,0.0,87335.91,0.0,43968.0,0.0,3846.2543,54578.35,14079.3,0.007812537507898565
2023-08-07,14.25,0.005,76.0,13843.39,0.0,88335.91,0.0,43968.0,0.0,3846.2543,54809.12,14149.95,0.004228233356266875
2023-08-08,14.26,0.0026,74.71,13875.98,0.0,89335.91,0.0,43968.0,0.0,3846.2543,54847.59,14186.2,0.0007018904882982735
2023-08-09,14.33,0.0031,75.12,13907.48,0.0,90335.91,0.0,43968.0,0.0,3846.2543,55116.82,14230.05,0.004908693344593651
2023-08-10,14.34,-0.0001,77.39,13942.79,0.0,91335.91,5.45,43968.0,0.0,3846.2543,55155.29,14228.5,0.0006979720528144107
2023-08-11,14.32,-0.0027,74.91,13969.43,0.0,92335.91,134.24,43968.0,0.0,3846.2543,55078.36,14190.3,-0.0013947891489647368
2023-08-14,14.27,-0.0026,69.6,13991.67,0.0,93335.91,128.08,43968.0,0.0,3846.2543,54886.05,14153.95,-0.0034915709182334886
2023-08-16,14.27,0.0013,68.63,14015.89,0.0,94335.91,0.0,43968.0,0.0,3846.2543,54886.05,14172.6,0.0
2023-08-17,14.33,0.003,69.28,14038.16,0.0,95335.91,0.0,43968.0,0.0,3846.2543,55116.82,14215.2,0.0042045292018644265
2023-08-18,14.31,-0.0015,64.22,14057.86,0.0,96335.91,76.5,43968.0,0.0,3846.2543,55039.9,14193.45,-0.0013955812399917278
2023-08-21,14.39,0.0077,61.43,14084.32,0.0,97335.91,0.0,43968.0,0.0,3846.2543,55347.6,14302.15,0.005590489808302568
2023-08-22,14.57,0.0106,67.82,14118.92,0.0,98335.91,0.0,43968.0,0.0,3846.2543,56039.92,14454.1,0.012508582124608925
2023-08-23,14.63,0.0038,86.58,14152.9,0.0,99335.91,0.0,43968.0,0.0,3846.2543,56270.7,14508.75,0.004118135786061128
2023-08-24,14.66,0.0027,87.2,14186.62,0.0,100335.91,0.0,43968.0,0.0,3846.2543,56386.09,14547.85,0.002050623148459163
2023-08-25,14.55,-0.0074,73.42,14213.71,0.0,101335.91,368.44,43968.0,0.0,3846.2543,55963.0,14440.65,-0.0075034463286955955
2023-08-28,14.61,0.0043,73.12,14240.04,0.0,102335.91,0.0,43968.0,0.0,3846.2543,56193.77,14502.6,0.004123617390061174
2023-08-29,14.68,0.0039,73.82,14261.01,0.0,103335.91,0.0,43968.0,0.0,3846.2543,56463.01,14559.3,0.00479127846378713
2023-08-30,14.79,0.0065,75.43,14286.18,0.0,104335.91,0.0,43968.0,0.0,3846.2543,56886.1,14654.45,0.007493224325093584
2023-08-31,14.82,0.0027,76.67,14322.11,0.0,105335.91,0.0,43968.0,0.0,3846.2543,57001.49,14693.85,0.002028439284816441
2023-09-01,14.92,0.0079,82.61,14363.67,0.0,106335.91,0.0,43968.0,0.0,3846.2543,57386.11,14810.15,0.006747542915106264
2023-09-04,15.06,0.0084,87.59,14406.46,0.0,107335.91,0.0,43968.0,0.0,3846.2543,57924.59,14935.05,0.009383455334400548
2023-09-05,15.22,0.0111,89.13,14453.99,0.0,108335.91,0.0,43968.0,0.0,3846.2543,58539.99,15100.7,0.010624158064821865
2023-09-06,15.21,0.0002,88.76,14499.88,0.0,109335.91,0.0,43968.0,0.0,3846.2543,58501.53,15104.05,-0.0006569867880059643
2023-09-07,15.33,0.0064,91.22,14548.38,0.0,110335.91,0.0,43968.0,0.0,3846.2543,58963.08,15200.05,0.007889537248000122
2023-09-08,15.45,0.0093,91.45,14604.01,0.0,111335.91,0.0,43968.0,0.0,3846.2543,59424.63,15341.05,0.007827779688577952
2023-09-11,15.63,0.0107,91.53,14669.74,0.0,112335.91,0.0,43968.0,0.0,3846.2543,60116.95,15504.9,0.011650388062996786
2023-09-12,15.15,-0.0297,66.06,14714.3,0.0,113335.91,1482.76,43968.0,0.0,3846.2543,58270.75,15045.1,-0.03071014081719048
2023-09-13,15.18,0.0012,65.63,14758.85,0.0,114335.91,0.0,43968.0,0.0,3846.2543,58386.14,15063.55,0.0019802387990544013
2023-09-14,15.31,0.0093,72.68,14808.3,0.0,115335.91,0.0,43968.0,0.0,3846.2543,58886.15,15204.15,0.00856384751586603
2023-09-15,15.34,0.0012,71.96,14859.76,0.0,116335.91,0.0,43968.0,0.0,3846.2543,59001.54,15222.7,0.001959543967469335
2023-09-18,15.28,-0.0036,68.61,14903.08,0.0,117335.91,177.53,43968.0,0.0,3846.2543,58770.76,15168.65,-0.003911423328950336
2023-09-20,15.23,-0.0031,64.68,14936.43,0.0,118335.91,156.74,43968.0,0.0,3846.2543,58578.45,15121.1,-0.003272205430047248
2023-09-21,15.12,-0.0086,58.84,14960.54,0.0,119335.91,430.52,43968.0,0.0,3846.2543,58155.36,14990.9,-0.007222621971049059
2023-09-22,15.1,-0.001,55.23,14981.92,0.0,120335.91,51.36,43968.0,0.0,3846.2543,58078.44,14975.5,-0.0013226639814455377
2023-09-25,15.14,0.0053,53.91,15012.63,0.0,121335.91,0.0,43968.0,0.0,3846.2543,58232.29,15054.85,0.0026490036578117326
2023-09-26,15.18,-0.0006,48.0,15039.78,0.0,122335.91,30.72,43968.0,0.0,3846.2543,58386.14,15045.6,0.0026420049769637632
2023-09-27,15.26,0.0075,51.82,15069.73,0.0,123335.91,0.0,43968.0,0.0,3846.2543,58693.84,15158.3,0.005270086359536741
2023-09-28,15.09,-0.0114,43.14,15086.28,63237.94,61667.95,569.98,107205.94,4190.7182,8036.9725,121277.91,14985.5,1.0662800389274243
2023-09-29,15.28,0.0104,43.66,15108.64,0.0,62667.95,0.0,107205.94,0.0,8036.9725,122804.94,15141.05,0.012591163551548767
2023-10-03,15.3,0.0026,38.84,15127.16,0.0,63667.95,0.0,107205.94,0.0,8036.9725,122965.68,15180.45,0.001308905000075633
2023-10-04,15.11,-0.0129,47.47,15129.66,0.0,64667.95,643.92,107205.94,0.0,8036.9725,121438.65,14984.95,-0.012418343069383275
2023-10-05,15.09,-0.0006,46.28,15123.41,0.0,65667.95,30.86,107205.94,0.0,8036.9725,121277.91,14975.7,-0.0013236313150714052
2023-10-06,15.16,0.0059,43.76,15121.38,0.0,66667.95,0.0,107205.94,0.0,8036.9725,121840.5,15063.5,0.004638849729518002
2023-10-09,14.95,-0.0134,36.22,15104.45,35004.47,33333.98,670.49,142210.41,2341.4362,10378.4087,155157.21,14861.5,0.27344528297241055
2023-10-10,15.17,0.0124,45.76,15089.72,0.0,34333.98,0.0,142210.41,0.0,10378.4087,157440.46,15046.4,0.014715719623986434
2023-10-11,15.24,0.005,50.02,15070.55,0.0,35333.98,0.0,142210.41,0.0,10378.4087,158166.95,15121.55,0.004614379302499527
2023-10-12,15.28,0.0024,56.08,15076.2,0.0,36333.98,0.0,142210.41,0.0,10378.4087,158582.09,15158.1,0.002624694982105824
2023-10-13,15.26,-0.0011,56.02,15080.09,0.0,37333.98,55.25,142210.41,0.0,10378.4087,158374.52,15141.35,-0.0013089119963043405
2023-10-16,15.29,0.0017,54.25,15078.26,0.0,38333.98,0.0,142210.41,0.0,10378.4087,158685.87,15167.45,0.0019659096677926424
2023-10-17,15.35,0.0044,56.83,15078.84,0.0,39333.98,0.0,142210.41,0.0,10378.4087,159308.57,15234.35,0.003924104899825087
2023-10-18,15.24,-0.0071,48.82,15076.69,0.0,40333.98,356.43,142210.41,0.0,10378.4087,158166.95,15125.75,-0.007166092822250558
2023-10-19,15.23,-0.0012,54.96,15075.98,0.0,41333.98,62.15,142210.41,0.0,10378.4087,158063.16,15106.95,-0.0006562053576932847
2023-10-20,15.09,-0.0095,42.66,15074.6,22143.09,20666.99,476.11,164353.51,1467.4018,11845.8106,178753.28,14963.1,0.13089780060072176
2023-10-23,14.69,-0.0271,30.25,15053.68,12690.16,10333.49,1356.67,177043.67,863.8642,12709.6748,186705.12,14557.1,0.04448500189758753
2023-10-25,14.58,-0.006,32.49,15024.44,6465.06,5166.75,298.31,183508.73,443.4194,13153.0942,191772.11,14470.25,0.027138998651991875
2023-10-26,14.42,-0.0114,29.37,14987.43,4153.51,2583.37,570.14,187662.24,288.0381,13441.1322,193821.13,14305.25,0.010684661080279101
2023-10-27,14.63,0.0146,34.25,14955.2,0.0,3583.37,0.0,187662.24,0.0,13441.1322,196643.76,14513.7,0.014563066472680353
2023-10-30,14.64,0.0014,39.51,14932.59,0.0,4583.37,0.0,187662.24,0.0,13441.1322,196778.18,14533.4,0.0006835711440829062
2023-10-31,14.68,0.0023,32.99,14903.86,0.0,5583.37,0.0,187662.24,0.0,13441.1322,197315.82,14566.3,0.002732213500501013
2023-11-01,14.66,-0.0015,28.77,14872.09,3864.46,2791.69,72.77,191526.69,263.6056,13704.7378,200911.46,14545.1,0.018222765919123862
2023-11-02,14.84,0.0119,35.29,14858.76,0.0,3791.69,0.0,191526.69,0.0,13704.7378,203378.31,14718.5,0.012278294130160683
2023-11-03,14.93,0.0068,39.79,14850.94,0.0,4791.69,0.0,191526.69,0.0,13704.7378,204611.74,14819.1,0.00606470768687184
2023-11-06,15.06,0.0091,43.67,14845.45,0.0,5791.69,0.0,191526.69,0.0,13704.7378,206393.35,14953.75,0.008707271635537639
2023-11-07,15.11,0.0027,42.77,14852.08,0.0,6791.69,0.0,191526.69,0.0,13704.7378,207078.59,14994.1,0.0033200682095619882
2023-11-08,15.24,0.0096,50.38,14856.69,0.0,7791.69,0.0,191526.69,0.0,13704.7378,208860.2,15138.7,0.008603545156455006
2023-11-09,15.26,0.0003,51.07,14857.76,0.0,8791.69,0.0,191526.69,0.0,13704.7378,209134.3,15142.8,0.0013123610912944006
2023-11-10,15.33,0.0037,57.4,14859.81,0.0,9791.69,0.0,191526.69,0.0,13704.7378,210093.63,15199.15,0.004587148067055624
2023-11-12,15.42,0.0066,78.8,14867.69,0.0,10791.69,0.0,191526.69,0.0,13704.7378,211327.06,15298.95,0.005870858626223052
2023-11-13,15.39,-0.0004,84.03,14873.92,0.0,11791.69,22.06,191526.69,0.0,13704.7378,210915.91,15292.2,-0.001945562484993557
2023-11-15,15.55,0.0087,97.62,14883.44,0.0,12791.69,0.0,191526.69,0.0,13704.7378,213108.67,15424.75,0.010396370762167706
2023-11-16,15.67,0.007,97.4,14903.8,0.0,13791.69,0.0,191526.69,0.0,13704.7378,214753.24,15532.8,0.007717048771408441
2023-11-17,15.73,0.0034,97.48,14927.76,0.0,14791.69,0.0,191526.69,0.0,13704.7378,215575.53,15586.1,0.0038289992737712275
2023-11-20,15.68,0.0002,97.41,14959.08,0.0,15791.69,0.0,191526.69,0.0,13704.7378,214890.29,15589.7,-0.003178653903808004
2023-11-21,15.74,0.0003,99.37,15010.98,0.0,16791.69,0.0,191526.69,0.0,13704.7378,215712.57,15595.1,0.0038265107278696586
2023-11-22,15.77,0.002,99.27,15068.76,0.0,17791.69,0.0,191526.69,0.0,13704.7378,216123.71,15625.85,0.0019059621792090198
2023-11-23,15.79,0.001,99.19,15135.58,0.0,18791.69,0.0,191526.69,0.0,13704.7378,216397.81,15641.6,0.0012682551118523566
2023-11-24,15.77,0.002,99.08,15193.57,0.0,19791.69,0.0,191526.69,0.0,13704.7378,216123.71,15673.5,-0.0012666486781913733
2023-11-28,15.89,0.0039,99.1,15253.62,0.0,20791.69,0.0,191526.69,0.0,13704.7378,217768.28,15734.35,0.007609391861725934
2023-11-29,15.96,0.0066,99.05,15317.25,0.0,21791.69,0.0,191526.69,0.0,13704.7378,218727.62,15838.85,0.004405324779164443
2023-11-30,16.1,0.0079,99.19,15388.16,0.0,22791.69,0.0,191526.69,0.0,13704.7378,220646.28,15963.25,0.008771914584907003
2023-12-01,16.25,0.0089,99.27,15457.47,0.0,23791.69,0.0,191526.69,0.0,13704.7378,222701.99,16104.8,0.009316767089841749
2023-12-04,16.46,0.0123,99.34,15531.64,0.0,24791.69,0.0,191526.69,0.0,13704.7378,225579.98,16302.45,0.012923054706426296
2023-12-05,16.52,0.0038,100.0,15602.16,0.0,25791.69,0.0,191526.69,0.0,13704.7378,226402.27,16364.1,0.0036452259637578255
2023-12-06,16.48,0.0015,100.0,15671.9,0.0,26791.69,0.0,191526.69,0.0,13704.7378,225854.08,16389.05,-0.0024213096449960947
2023-12-07,16.6,0.0055,100.0,15738.96,0.0,27791.69,0.0,191526.69,0.0,13704.7378,227498.65,16479.85,0.007281559846074037
2023-12-08,16.59,-0.0019,96.55,15804.22,0.0,28791.69,96.78,191526.69,0.0,13704.7378,227361.6,16447.95,-0.0006024211572244198
2023-12-11,16.68,0.0068,96.92,15872.28,0.0,29791.69,0.0,191526.69,0.0,13704.7378,228595.03,16560.5,0.005424970619488878
2023-12-12,16.61,-0.0042,90.73,15931.86,0.0,30791.69,211.35,191526.69,0.0,13704.7378,227635.69,16490.5,-0.004196679166646788
2023-12-13,16.74,0.0084,91.56,15998.73,0.0,31791.69,0.0,191526.69,0.0,13704.7378,229417.31,16629.55,0.00782662859237937
2023-12-14,16.97,0.0111,92.59,16068.18,0.0,32791.69,0.0,191526.69,0.0,13704.7378,232569.4,16813.75,0.0137395473776587
2023-12-15,17.01,0.0022,92.62,16134.04,0.0,33791.69,0.0,191526.69,0.0,13704.7378,233117.59,16850.05,0.0023571028690791973
2023-12-18,17.06,0.0031,92.57,16199.86,0.0,34791.69,0.0,191526.69,0.0,13704.7378,233802.83,16902.45,0.0029394607245210036
2023-12-19,16.99,-0.0039,87.43,16262.21,0.0,35791.69,194.35,191526.69,0.0,13704.7378,232843.5,16836.75,-0.004103158203859203
2023-12-20,16.49,-0.0305,60.47,16298.65,0.0,36791.69,1523.01,191526.69,0.0,13704.7378,225991.13,16323.9,-0.029429080047327916
2023-12-21,16.69,0.0145,62.55,16345.39,0.0,37791.69,0.0,191526.69,0.0,13704.7378,228732.07,16560.65,0.012128529115279951
2023-12-22,16.87,0.008,61.15,16397.96,0.0,38791.69,0.0,191526.69,0.0,13704.7378,231198.93,16693.0,0.01078493278183501
2023-12-26,16.95,0.0056,61.85,16453.64,0.0,39791.69,0.0,191526.69,0.0,13704.7378,232295.31,16787.0,0.004742149974483079
2023-12-27,17.01,0.0039,62.7,16509.54,0.0,40791.69,0.0,191526.69,0.0,13704.7378,233117.59,16852.45,0.0035398045703118886
2023-12-28,17.06,0.0048,62.51,16564.29,0.0,41791.69,0.0,191526.69,0.0,13704.7378,233802.83,16933.75,0.0029394607245210036
2023-12-29,17.21,0.0085,66.33,16619.98,0.0,42791.69,0.0,191526.69,0.0,13704.7378,235858.54,17077.05,0.008792494085721803
2024-01-01,17.32,0.0057,66.06,16673.44,0.0,43791.69,0.0,191526.69,0.0,13704.7378,237366.06,17174.0,0.00639162779520297
2024-01-02,17.31,-0.0015,67.62,16715.72,0.0,44791.69,75.4,191526.69,0.0,13704.7378,237229.01,17148.1,-0.0005773782486004908
2024-01-03,17.34,0.0024,65.84,16757.01,0.0,45791.69,0.0,191526.69,0.0,13704.7378,237640.15,17189.95,0.0017330932671344446
2024-01-04,17.58,0.0148,67.13,16809.75,0.0,46791.69,0.0,191526.69,0.0,13704.7378,240929.29,17443.75,0.013840842972031586
2024-01-05,17.67,0.0032,67.48,16860.74,0.0,47791.69,0.0,191526.69,0.0,13704.7378,242162.72,17499.65,0.0051194688698912305
2024-01-08,17.51,-0.0085,61.46,16905.87,0.0,48791.69,426.01,191526.69,0.0,13704.7378,239969.96,17350.55,-0.009054903248526536
2024-01-09,17.53,0.0018,64.19,16946.94,0.0,49791.69,0.0,191526.69,0.0,13704.7378,240244.05,17382.0,0.0011421846301096217
2024-01-10,17.57,0.0025,87.94,16993.69,0.0,50791.69,0.0,191526.69,0.0,13704.7378,240792.24,17425.35,0.0022818046898560596
2024-01-11,17.66,0.0043,86.43,17037.23,0.0,51791.69,0.0,191526.69,0.0,13704.7378,242025.67,17500.5,0.005122382681435278
2024-01-12,17.7,0.0036,85.67,17074.74,0.0,52791.69,0.0,191526.69,0.0,13704.7378,242573.86,17563.85,0.00226500767459914
2024-01-15,17.8,0.0053,85.65,17115.05,0.0,53791.69,0.0,191526.69,0.0,13704.7378,243944.33,17656.35,0.005649701909348437
2024-01-16,17.73,-0.0032,80.87,17149.92,0.0,54791.69,160.14,191526.69,0.0,13704.7378,242985.0,17599.8,-0.0039325775680049135
2024-01-17,17.55,-0.0106,68.22,17178.74,0.0,55791.69,530.26,191526.69,0.0,13704.7378,240518.15,17413.15,-0.010152272774039628
2024-01-18,17.56,-0.0002,64.13,17233.02,0.0,56791.69,10.62,191526.69,0.0,13704.7378,240655.2,17409.45,0.0005698114674506094
2024-01-19,17.81,0.015,68.53,17288.53,0.0,57791.69,0.0,191526.69,0.0,13704.7378,244081.38,17670.85,0.014236883308567538
2024-01-20,17.86,0.003,71.07,17340.11,0.0,58791.69,0.0,191526.69,0.0,13704.7378,244766.62,17724.7,0.002807424310695028
2024-01-23,17.35,-0.0294,50.39,17360.98,0.0,59791.69,1467.87,191526.69,0.0,13704.7378,237777.2,17204.35,-0.028555445999948748
2024-01-24,17.66,0.0169,51.37,17393.13,0.0,60791.69,0.0,191526.69,0.0,13704.7378,242025.67,17495.55,0.017867440612472585
2024-01-25,17.58,-0.0047,47.75,17417.13,0.0,61791.69,233.77,191526.69,0.0,13704.7378,240929.29,17413.75,-0.00453001534919828
2024-01-29,17.82,0.0147,57.91,17446.77,0.0,62791.69,0.0,191526.69,0.0,13704.7378,244218.43,17669.7,0.013651889315740684
2024-01-30,17.78,-0.0035,55.5,17468.42,0.0,63791.69,177.0,191526.69,0.0,13704.7378,243670.24,17607.15,-0.0022446708874510612
2024-01-31,18.05,0.0158,60.06,17505.26,0.0,64791.69,0.0,191526.69,0.0,13704.7378,247370.52,17884.7,0.015185604938871444
2024-02-01,17.96,-0.0057,56.11,17534.9,0.0,65791.69,284.88,191526.69,0.0,13704.7378,246137.09,17782.8,-0.004986164074846089
2024-02-02,18.04,0.0051,56.62,17556.38,0.0,66791.69,0.0,191526.69,0.0,13704.7378,247233.47,17873.35,0.004454346965749867
2024-02-05,18.05,-0.0001,54.79,17574.97,0.0,67791.69,5.04,191526.69,0.0,13704.7378,247370.52,17871.55,0.0005543343302183423
2024-02-06,18.24,0.0118,60.05,17611.54,0.0,68791.69,0.0,191526.69,0.0,13704.7378,249974.42,18082.0,0.010526314938417158
2024-02-07,18.38,0.0067,66.93,17652.61,0.0,69791.69,0.0,191526.69,0.0,13704.7378,251893.08,18203.35,0.007675425349521703
2024-02-08,18.34,-0.0023,65.86,17689.44,0.0,70791.69,113.99,191526.69,0.0,13704.7378,251344.89,18161.85,-0.00217628050758667
2024-02-09,18.19,-0.0087,57.32,17714.57,0.0,71791.69,437.04,191526.69,0.0,13704.7378,249289.18,18003.1,-0.008178841431787265
2024-02-12,17.71,-0.0239,47.12,17714.99,0.0,72791.69,1196.6,191526.69,0.0,13704.7378,242710.91,17572.25,-0.026388108781937425
2024-02-13,17.79,0.0029,59.61,17713.3,0.0,73791.69,0.0,191526.69,0.0,13704.7378,243807.29,17622.65,0.004517225863476915
2024-02-14,17.93,0.0086,56.83,17722.0,0.0,74791.69,0.0,191526.69,0.0,13704.7378,245725.95,17773.85,0.00786957600816618
2024-02-15,18.12,0.0094,62.44,17748.44,0.0,75791.69,0.0,191526.69,0.0,13704.7378,248329.85,17941.8,0.010596764403596692
2024-02-16,18.21,0.0078,60.27,17782.05,0.0,76791.69,0.0,191526.69,0.0,13704.7378,249563.28,18081.7,0.004966901884731145
2024-02-19,18.35,0.0047,63.79,17806.84,0.0,77791.69,0.0,191526.69,0.0,13704.7378,251481.94,18166.65,0.00768807013595918
2024-02-20,18.31,-0.0016,57.1,17827.47,0.0,78791.69,80.5,191526.69,0.0,13704.7378,250933.75,18137.4,-0.0021798384408836524
2024-02-21,18.13,-0.0109,54.17,17864.23,0.0,79791.69,545.7,191526.69,0.0,13704.7378,248466.9,17939.45,-0.009830682401231416
2024-02-22,18.27,0.008,55.43,17893.6,0.0,80791.69,0.0,191526.69,0.0,13704.7378,250385.56,18082.9,0.007721994358202311
2024-02-23,18.32,0.0037,56.96,17930.36,0.0,81791.69,0.0,191526.69,0.0,13704.7378,251070.8,18149.05,0.0027367392911954447
2024-02-26,18.27,-0.0031,50.3,17951.53,0.0,82791.69,154.42,191526.69,0.0,13704.7378,250385.56,18093.0,-0.002729269990775496
2024-02-27,18.27,-0.001,46.29,17974.89,0.0,83791.69,51.68,191526.69,0.0,13704.7378,250385.56,18074.3,0.0
2024-02-28,17.93,-0.018,39.79,17968.1,43795.74,41895.84,899.9,235322.43,2442.5956,16147.3334,289521.69,17749.0,0.15630346254792005
2024-02-29,18.04,0.0046,45.58,17970.52,0.0,42895.84,0.0,235322.43,0.0,16147.3334,291297.9,17831.1,0.006134980767762199
2024-03-01,18.14,0.0081,62.14,17975.58,0.0,43895.84,0.0,235322.43,0.0,16147.3334,292912.63,17974.65,0.00554322568065202
2024-03-02,18.24,0.0066,63.63,17986.65,0.0,44895.84,0.0,235322.43,0.0,16147.3334,294527.36,18093.0,0.005512667719380859
2024-03-04,18.23,0.0009,60.57,17988.06,0.0,45895.84,0.0,235322.43,0.0,16147.3334,294365.89,18110.05,-0.0005482342964673315
2024-03-05,18.24,-0.0025,54.2,17981.15,0.0,46895.84,123.83,235322.43,0.0,16147.3334,294527.36,18065.2,0.0005485350221792196
2024-03-06,18.13,-0.0064,45.44,17970.56,0.0,47895.84,318.85,235322.43,0.0,16147.3334,292751.16,17950.0,-0.006030679119250593
2024-03-07,18.18,0.0025,43.91,17970.18,0.0,48895.84,0.0,235322.43,0.0,16147.3334,293558.52,17995.7,0.002757837065445079
2024-03-11,18.1,-0.0047,42.26,17987.16,25681.17,24447.92,233.25,261003.61,1418.8493,17566.1827,317947.91,17911.75,0.08308186728833467
2024-03-12,17.86,-0.0126,41.46,17990.31,13855.25,12223.96,631.29,274858.86,775.7699,18341.9526,327587.27,17685.6,0.030317418975957633
2024-03-13,17.11,-0.0417,22.73,17949.03,9196.59,6111.98,2084.61,284055.44,537.4977,18879.4503,323027.4,16948.25,-0.013919557985266007
2024-03-14,17.47,0.0213,32.31,17917.38,0.0,7111.98,0.0,284055.44,0.0,18879.4503,329824.0,17308.75,0.021040320418639347
2024-03-15,17.42,-0.0032,32.33,17876.0,4713.57,3555.99,157.58,288769.01,270.5838,19150.0341,333593.59,17254.2,0.011429095517609511
2024-03-18,17.4,-0.0022,32.06,17828.46,2889.13,1778.0,111.13,291658.14,166.0418,19316.0759,336099.72,17215.85,0.007512524446287916
2024-03-19,17.2,-0.0112,33.94,17772.72,2450.11,889.0,561.11,294108.25,142.4482,19458.5241,334686.61,17022.65,-0.004204436707058168
2024-03-20,17.19,-0.0006,31.29,17726.34,1476.51,444.5,32.02,295584.76,85.8938,19544.4179,335968.54,17011.75,0.0038302398772391832
2024-03-21,17.57,0.0226,38.1,17692.01,0.0,1444.5,0.0,295584.76,0.0,19544.4179,343395.42,17396.3,0.02210587931834329
2024-03-22,17.7,0.0061,37.8,17659.7,0.0,2444.5,0.0,295584.76,0.0,19544.4179,345936.2,17502.8,0.0073989921007100445
2024-03-26,17.81,0.0092,41.31,17638.26,0.0,3444.5,0.0,295584.76,0.0,19544.4179,348086.08,17664.35,0.006214671953961526
2024-03-27,17.88,0.0012,42.53,17618.84,0.0,4444.5,0.0,295584.76,0.0,19544.4179,349454.19,17685.85,0.003930378370775367
2024-03-28,17.95,0.0045,46.33,17619.69,0.0,5444.5,0.0,295584.76,0.0,19544.4179,350822.3,17766.0,0.003914990974925647
2024-04-01,18.26,0.0179,51.6,17632.37,0.0,6444.5,0.0,295584.76,0.0,19544.4179,356881.07,18084.7,0.017270196335865906
2024-04-02,18.45,0.0112,56.47,17647.95,0.0,7444.5,0.0,295584.76,0.0,19544.4179,360594.51,18286.35,0.010405259096538888
2024-04-03,18.56,0.005,62.55,17662.23,0.0,8444.5,0.0,295584.76,0.0,19544.4179,362744.4,18378.6,0.005962070803573916
2024-04-04,18.58,0.0004,85.38,17676.03,0.0,9444.5,0.0,295584.76,0.0,19544.4179,363135.28,18385.95,0.001077563154662009
2024-04-05,18.67,0.0047,83.11,17696.43,0.0,10444.5,0.0,295584.76,0.0,19544.4179,364894.28,18473.25,0.004843924831539281
2024-04-08,18.77,0.0021,86.08,17724.49,0.0,11444.5,0.0,295584.76,0.0,19544.4179,366848.72,18511.15,0.0053561815219465014
2024-04-09,18.65,-0.0025,85.72,17747.98,0.0,12444.5,123.17,295584.76,0.0,19544.4179,364503.39,18465.55,-0.006393180273328913
2024-04-10,18.8,0.0087,96.71,17783.66,0.0,13444.5,0.0,295584.76,0.0,19544.4179,367435.06,18625.4,0.008042915595380284
2024-04-12,18.73,-0.0049,92.41,17826.12,0.0,14444.5,243.48,295584.76,0.0,19544.4179,366066.95,18534.7,-0.0037234062530668854
2024-04-15,18.47,-0.0136,76.67,17892.87,0.0,15444.5,678.46,295584.76,0.0,19544.4179,360985.4,18283.2,-0.013881477145096022
2024-04-16,18.46,-0.0012,74.0,17940.46,0.0,16444.5,61.81,295584.76,0.0,19544.4179,360789.95,18260.6,-0.0005414346397388803
2024-04-18,18.37,-0.0036,67.93,17987.53,0.0,17444.5,177.84,295584.76,0.0,19544.4179,359030.96,18195.65,-0.004875385248397257
2024-04-19,18.29,-0.0046,63.77,18032.3,0.0,18444.5,231.92,295584.76,0.0,19544.4179,357467.4,18111.25,-0.004354944765766144
2024-04-22,18.38,0.0068,64.75,18092.88,0.0,19444.5,0.0,295584.76,0.0,19544.4179,359226.4,18234.3,0.004920728435656052
2024-04-23,18.58,0.0101,61.47,18163.2,0.0,20444.5,0.0,295584.76,0.0,19544.4179,363135.28,18417.95,0.010881382882772517
2024-04-24,18.74,0.0082,60.06,18221.79,0.0,21444.5,0.0,295584.76,0.0,19544.4179,366262.39,18568.3,0.008611418862964682
2024-04-25,18.82,0.004,59.56,18278.82,0.0,22444.5,0.0,295584.76,0.0,19544.4179,367825.94,18643.25,0.004268934083021758
2024-04-26,18.96,0.0075,63.08,18334.72,0.0,23444.5,0.0,295584.76,0.0,19544.4179,370562.16,18782.5,0.007438898953129769
2024-04-29,19.01,0.0034,62.51,18392.78,0.0,24444.5,0.0,295584.76,0.0,19544.4179,371539.38,18847.0,0.0026371284105211057
2024-04-30,19.09,0.0024,62.72,18449.13,0.0,25444.5,0.0,295584.76,0.0,19544.4179,373102.94,18893.0,0.004208329141314637
2024-05-02,19.18,0.0044,66.57,18493.66,0.0,26444.5,0.0,295584.76,0.0,19544.4179,374861.94,18975.25,0.004714516588907092
2024-05-03,19.11,-0.0036,59.76,18524.73,0.0,27444.5,178.0,295584.76,0.0,19544.4179,373493.83,18907.7,-0.003649636983685256
2024-05-06,18.98,-0.0046,59.94,18546.86,0.0,28444.5,228.48,295584.76,0.0,19544.4179,370953.05,18821.3,-0.006802736205843152
2024-05-07,18.67,-0.0186,56.13,18551.16,0.0,29444.5,928.34,295584.76,0.0,19544.4179,364894.28,18471.85,-0.016332983378893773
2024-05-08,18.76,0.0052,59.55,18555.93,0.0,30444.5,0.0,295584.76,0.0,19544.4179,366653.28,18568.7,0.004820574331831029
2024-05-09,18.43,-0.0174,51.33,18542.64,0.0,31444.5,870.69,295584.76,0.0,19544.4179,360203.62,18245.35,-0.01759062403587397
2024-05-10,18.63,0.0098,57.94,18540.53,0.0,32444.5,0.0,295584.76,0.0,19544.4179,364112.51,18423.3,0.01085188982831431
2024-05-13,18.67,0.0051,57.29,18535.1,0.0,33444.5,0.0,295584.76,0.0,19544.4179,364894.28,18516.75,0.0021470561393235332
2024-05-14,18.84,0.0094,57.07,18542.86,0.0,34444.5,0.0,295584.76,0.0,19544.4179,368216.83,18690.1,0.009105514068348697
2024-05-15,19.06,0.0094,57.61,18571.96,0.0,35444.5,0.0,295584.76,0.0,19544.4179,372516.61,18865.2,0.011677304375250719
2024-05-16,19.2,0.0097,59.85,18611.37,0.0,36444.5,0.0,295584.76,0.0,19544.4179,375252.82,19048.8,0.007345202674318374
2024-05-17,19.44,0.0105,61.01,18664.05,0.0,37444.5,0.0,295584.76,0.0,19544.4179,379943.48,19249.2,0.01249999933378243
2024-05-18,19.54,0.0054,61.71,18726.12,0.0,38444.5,0.0,295584.76,0.0,19544.4179,381897.93,19352.6,0.005144054584118596
2024-05-21,19.54,0.0031,61.97,18785.06,0.0,39444.5,0.0,295584.76,0.0,19544.4179,381897.93,19413.2,0.0
2024-05-22,19.66,0.0029,61.5,18837.64,0.0,40444.5,0.0,295584.76,0.0,19544.4179,384243.26,19469.35,0.006141248264948773
2024-05-23,19.74,0.0048,65.07,18887.35,0.0,41444.5,0.0,295584.76,0.0,19544.4179,385806.81,19562.55,0.004069167016748754
2024-05-24,19.76,-0.0005,67.46,18932.84,0.0,42444.5,24.03,295584.76,0.0,19544.4179,386197.7,19553.15,0.0010131754802358284
2024-05-27,19.89,0.0037,81.71,18975.01,0.0,43444.5,0.0,295584.76,0.0,19544.4179,388738.47,19625.9,0.006578936125201995
2024-05-28,19.68,-0.0077,74.18,19006.41,0.0,44444.5,384.57,295584.76,0.0,19544.4179,384634.14,19474.95,-0.01055807520156149
2024-05-29,19.61,-0.0028,86.65,19032.82,0.0,45444.5,138.0,295584.76,0.0,19544.4179,383266.04,19421.2,-0.003556886551984273
2024-05-30,19.41,-0.0116,73.43,19043.89,0.0,46444.5,577.98,295584.76,0.0,19544.4179,379357.15,19196.7,-0.010198894741626385
2024-05-31,19.54,0.0058,73.72,19063.94,0.0,47444.5,0.0,295584.76,0.0,19544.4179,381897.93,19308.75,0.006697593547399849
2024-06-03,20.07,0.0301,78.88,19117.37,0.0,48444.5,0.0,295584.76,0.0,19544.4179,392256.47,19889.85,0.02712384432143944
2024-06-04,18.73,-0.0711,44.13,19117.59,28775.82,24222.25,3553.57,324360.58,1536.3492,21080.7671,394842.77,18476.25,0.0065933902887569396
2024-06-05,19.35,0.0386,51.83,19148.65,0.0,25222.25,0.0,324360.58,0.0,21080.7671,407912.84,19189.8,0.03310196106667984
2024-06-06,19.8,0.0218,54.41,19216.74,0.0,26222.25,0.0,324360.58,0.0,21080.7671,417399.19,19607.2,0.023255825925950102
2024-06-07,20.09,0.0141,56.28,19289.79,0.0,27222.25,0.0,324360.58,0.0,21080.7671,423512.61,19884.25,0.014646458705394272
2024-06-10,20.14,0.0036,56.4,19361.78,0.0,28222.25,0.0,324360.58,0.0,21080.7671,424566.65,19956.65,0.0024888042884958494
2024-06-11,20.33,0.0082,57.47,19433.26,0.0,29222.25,0.0,324360.58,0.0,21080.7671,428572.0,20119.55,0.009433972263247714
2024-06-12,20.53,0.01,58.5,19506.06,0.0,30222.25,0.0,324360.58,0.0,21080.7671,432788.15,20321.2,0.009837670216439776
2024-06-13,20.68,0.0078,60.05,19577.62,0.0,31222.25,0.0,324360.58,0.0,21080.7671,435950.26,20480.05,0.0073063691785459906
2024-06-14,20.9,0.0107,61.27,19650.07,0.0,32222.25,0.0,324360.58,0.0,21080.7671,440588.03,20698.25,0.010638300800646538
2024-06-18,21.03,0.0054,64.14,19722.93,0.0,33222.25,0.0,324360.58,0.0,21080.7671,443328.53,20809.75,0.0062200963562264455
2024-06-19,20.83,-0.0105,61.99,19781.85,0.0,34222.25,524.03,324360.58,0.0,21080.7671,439112.38,20591.65,-0.009510215821210588
2024-06-20,20.99,0.0085,66.24,19846.72,0.0,35222.25,0.0,324360.58,0.0,21080.7671,442485.3,20766.7,0.0076812227430254065
2024-06-21,20.96,-0.0015,65.01,19905.35,0.0,36222.25,75.72,324360.58,0.0,21080.7671,441852.88,20735.25,-0.001429245220123665
2024-06-24,21.02,0.0024,60.59,19966.89,0.0,37222.25,0.0,324360.58,0.0,21080.7671,443117.72,20784.0,0.002862581771561512
2024-06-25,20.97,-0.0024,89.53,20022.33,0.0,38222.25,118.96,324360.58,0.0,21080.7671,442063.69,20734.55,-0.0023786681336056548
2024-06-26,20.92,-0.0026,83.94,20082.61,0.0,39222.25,129.86,324360.58,0.0,21080.7671,441009.65,20680.7,-0.0023843623076121867
2024-06-27,20.94,0.0021,80.63,20147.71,0.0,40222.25,0.0,324360.58,0.0,21080.7671,441431.26,20723.15,0.0009560108265205258
2024-06-28,21.05,0.0053,78.66,20229.47,0.0,41222.25,0.0,324360.58,0.0,21080.7671,443750.15,20831.95,0.005253116872602215
2024-07-01,21.26,0.0095,80.17,20315.53,0.0,42222.25,0.0,324360.58,0.0,21080.7671,448177.11,21029.9,0.009976244515072175
2024-07-02,21.14,-0.0057,72.76,20366.54,0.0,43222.25,285.31,324360.58,0.0,21080.7671,445647.42,20909.9,-0.00564439803719563
2024-07-03,21.29,0.0078,72.14,20496.36,0.0,44222.25,0.0,324360.58,0.0,21080.7671,448809.53,21072.75,0.007095542031860136
2024-07-04,21.43,0.0068,71.87,20597.64,0.0,45222.25,0.0,324360.58,0.0,21080.7671,451760.84,21215.3,0.006575863039271823
2024-07-05,21.58,0.0065,70.45,20684.9,0.0,46222.25,0.0,324360.58,0.0,21080.7671,454922.95,21352.5,0.006999522136535763
2024-07-08,21.54,-0.003,65.46,20755.16,0.0,47222.25,147.87,324360.58,0.0,21080.7671,454079.72,21289.35,-0.0018535666314483112
2024-07-09,21.59,0.0027,77.16,20824.7,0.0,48222.25,0.0,324360.58,0.0,21080.7671,455133.76,21347.5,0.002321266406700717
2024-07-10,21.51,-0.0038,69.26,20882.05,0.0,49222.25,189.48,324360.58,0.0,21080.7671,453447.3,21266.6,-0.0037054161835853305
2024-07-11,21.56,0.0021,71.99,20931.6,0.0,50222.25,0.0,324360.58,0.0,21080.7671,454501.34,21312.15,0.0023245038618600056
2024-07-12,21.54,-0.0006,70.25,20972.61,0.0,51222.25,27.92,324360.58,0.0,21080.7671,454079.72,21300.25,-0.0009276540306790704
2024-07-15,21.68,0.007,76.0,21010.14,0.0,52222.25,0.0,324360.58,0.0,21080.7671,457031.03,21448.85,0.006499541534248809
2024-07-16,21.7,0.0004,79.22,21042.48,0.0,53222.25,0.0,324360.58,0.0,21080.7671,457452.65,21456.5,0.0009225194184299124
2024-07-18,21.5,-0.0094,67.91,21075.67,0.0,54222.25,468.16,324360.58,0.0,21080.7671,453236.49,21255.6,-0.009216604166573328
2024-07-19,21.06,-0.0209,49.46,21077.95,0.0,55222.25,1042.9,324360.58,0.0,21080.7671,443960.96,20812.25,-0.020465099798120723
2024-07-22,21.27,0.011,50.28,21093.2,0.0,56222.25,0.0,324360.58,0.0,21080.7671,448387.92,21040.35,0.009971507404614943
2024-07-23,21.2,-0.0044,51.04,21101.4,0.0,57222.25,219.93,324360.58,0.0,21080.7671,446912.26,20947.8,-0.0032910342455255703
2024-07-24,21.39,0.0089,51.64,21121.34,0.0,58222.25,0.0,324360.58,0.0,21080.7671,450917.61,21133.35,0.00896227371341296
2024-07-25,21.33,-0.0025,46.16,21141.32,0.0,59222.25,125.16,324360.58,0.0,21080.7671,449652.76,21080.45,-0.002805057890730822
2024-07-26,21.68,0.0172,52.27,21177.28,0.0,60222.25,0.0,324360.58,0.0,21080.7671,457031.03,21442.4,0.016408817328286807
2024-07-29,21.88,0.0094,58.38,21217.93,0.0,61222.25,0.0,324360.58,0.0,21080.7671,461247.18,21644.85,0.009225084782536364
2024-07-30,22.01,0.0048,59.28,21253.91,0.0,62222.25,0.0,324360.58,0.0,21080.7671,463987.68,21749.5,0.0059414997399007685
2024-07-31,22.12,0.0051,63.52,21301.46,0.0,63222.25,0.0,324360.58,0.0,21080.7671,466306.57,21860.95,0.004997740457246547
2024-08-01,21.96,-0.0071,58.55,21333.15,0.0,64222.25,353.37,324360.58,0.0,21080.7671,462933.65,21706.45,-0.0072332671615584765
2024-08-02,21.75,-0.0099,53.83,21347.0,0.0,65222.25,493.4,324360.58,0.0,21080.7671,458506.68,21492.25,-0.009562860682087004
2024-08-05,20.99,-0.0352,38.55,21316.11,35373.16,32611.12,1762.03,359733.74,1685.2385,22766.0056,477858.46,20734.85,0.04220610264609448
2024-08-06,20.86,-0.006,36.93,21282.2,17603.85,16305.56,298.29,377337.59,843.9047,23609.9103,492502.73,20611.15,0.030645622555264485
2024-08-07,21.32,0.022,47.25,21268.01,0.0,17305.56,0.0,377337.59,0.0,23609.9103,503363.29,21063.7,0.022051776240915366
2024-08-08,21.25,-0.0035,52.87,21254.23,0.0,18305.56,172.57,377337.59,0.0,23609.9103,501710.59,20991.0,-0.0032833145222012083
2024-08-09,21.41,0.0076,51.82,21246.19,0.0,19305.56,0.0,377337.59,0.0,23609.9103,505488.18,21151.35,0.0075294204971834144
2024-08-12,21.43,0.0027,54.33,21241.62,0.0,20305.56,0.0,377337.59,0.0,23609.9103,505960.38,21208.7,0.0009341464720302728
2024-08-13,21.31,-0.0077,48.52,21221.42,0.0,21305.56,386.04,377337.59,0.0,23609.9103,503127.19,21044.95,-0.00559962817641968
2024-08-14,21.16,-0.006,47.35,21194.48,0.0,22305.56,302.21,377337.59,0.0,23609.9103,499585.7,20917.75,-0.007038955696272331
2024-08-16,21.55,0.0182,47.66,21196.62,0.0,23305.56,0.0,377337.59,0.0,23609.9103,508793.57,21298.35,0.01843101193649055
2024-08-19,21.61,0.0025,45.0,21223.58,0.0,24305.56,0.0,377337.59,0.0,23609.9103,510210.16,21351.4,0.0027842136448381627
2024-08-20,21.79,0.0083,46.33,21248.01,0.0,25305.56,0.0,377337.59,0.0,23609.9103,514459.95,21529.05,0.008329489165797899
2024-08-21,21.88,0.0041,45.92,21281.51,0.0,26305.56,0.0,377337.59,0.0,23609.9103,516584.84,21617.7,0.0041303312337530595
2024-08-22,22.04,0.0066,50.91,21312.86,0.0,27305.56,0.0,377337.59,0.0,23609.9103,520362.42,21760.35,0.00731260328893879
2024-08-23,21.92,-0.0053,52.67,21341.12,0.0,28305.56,263.55,377337.59,0.0,23609.9103,517529.23,21645.65,-0.0054446475977262265
2024-08-26,22.04,0.0052,72.97,21356.92,0.0,29305.56,0.0,377337.59,0.0,23609.9103,520362.42,21758.45,0.0054744540709323886
2024-08-27,22.14,0.0051,78.41,21368.16,0.0,30305.56,0.0,377337.59,0.0,23609.9103,522723.41,21869.75,0.004537203128542666
2024-08-28,22.12,-0.0014,71.6,21372.62,0.0,31305.56,70.99,377337.59,0.0,23609.9103,522251.22,21838.7,-0.0009033266751913294
2024-08-29,22.02,-0.0045,70.63,21366.64,0.0,32305.56,222.88,377337.59,0.0,23609.9103,519890.22,21741.35,-0.004520812799633123
2024-08-30,22.19,0.0085,71.01,21377.59,0.0,33305.56,0.0,377337.59,0.0,23609.9103,523903.91,21925.45,0.007720264481990036
2024-09-02,22.15,-0.0029,67.7,21396.12,0.0,34305.56,142.76,377337.59,0.0,23609.9103,522959.51,21862.85,-0.0018026206370552744
2024-09-03,22.19,0.0023,75.04,21455.07,0.0,35305.56,0.0,377337.59,0.0,23609.9103,523903.91,21913.8,0.001805875946303992
2024-09-04,22.19,-0.0008,80.06,21519.28,0.0,36305.56,42.1,377337.59,0.0,23609.9103,523903.91,21895.35,0.0
2024-09-05,22.24,0.0037,75.57,21564.94,0.0,37305.56,0.0,377337.59,0.0,23609.9103,525084.4,21976.9,0.0022532567088495714
2024-09-06,21.96,-0.0137,60.3,21599.18,0.0,38305.56,685.04,377337.59,0.0,23609.9103,518473.63,21675.8,-0.012589918877803252
2024-09-09,21.9,-0.0025,53.18,21622.68,0.0,39305.56,125.49,377337.59,0.0,23609.9103,517057.04,21621.4,-0.002732231531235252
2024-09-10,22.17,0.0107,57.39,21654.93,0.0,40305.56,0.0,377337.59,0.0,23609.9103,523431.71,21853.55,0.012328755837073713
2024-09-11,22.08,-0.0025,51.28,21692.63,0.0,41305.56,124.92,377337.59,0.0,23609.9103,521306.82,21798.95,-0.004059536247813522
2024-09-12,22.29,0.0114,62.25,21749.12,0.0,42305.56,0.0,377337.59,0.0,23609.9103,526264.9,22047.7,0.009510867323776928
2024-09-13,22.46,0.0065,62.92,21793.72,0.0,43305.56,0.0,377337.59,0.0,23609.9103,530278.59,22190.35,0.007626748430305641
2024-09-16,22.5,0.0034,62.09,21839.39,0.0,44305.56,0.0,377337.59,0.0,23609.9103,531222.98,22264.7,0.001780931792852547
2024-09-17,22.54,-0.0013,62.15,21874.7,0.0,45305.56,65.91,377337.59,0.0,23609.9103,532167.38,22235.35,0.0017777845378601498
2024-09-18,22.37,-0.007,60.01,21897.82,0.0,46305.56,349.56,377337.59,0.0,23609.9103,528153.69,22079.9,-0.007542157131089189
2024-09-19,22.27,-0.0052,51.22,21908.06,0.0,47305.56,259.85,377337.59,0.0,23609.9103,525792.7,21965.15,-0.004470270765314477
2024-09-20,22.52,0.0132,60.63,21938.58,0.0,48305.56,0.0,377337.59,0.0,23609.9103,531695.18,22256.1,0.011225869054477311
2024-09-23,22.72,0.0075,62.97,21971.84,0.0,49305.56,0.0,377337.59,0.0,23609.9103,536417.16,22423.7,0.008880990796267918
2024-09-24,22.78,0.0031,64.82,22003.03,0.0,50305.56,0.0,377337.59,0.0,23609.9103,537833.76,22493.5,0.0026408551135834735
2024-09-25,22.65,-0.0061,59.18,22028.96,0.0,51305.56,302.53,377337.59,0.0,23609.9103,534764.47,22357.4,-0.005706763368666268
2024-09-26,22.7,0.0005,69.42,22060.29,0.0,52305.56,0.0,377337.59,0.0,23609.9103,535944.96,22367.85,0.0022074951987740565
2024-09-27,22.65,-0.0003,71.32,22082.06,0.0,53305.56,15.65,377337.59,0.0,23609.9103,534764.47,22360.85,-0.0022026328972288844
2024-09-30,22.59,-0.0022,64.78,22104.51,0.0,54305.56,109.34,377337.59,0.0,23609.9103,533347.87,22311.95,-0.0026490166783144087
2024-10-01,22.64,0.003,68.57,22127.81,0.0,55305.56,0.0,377337.59,0.0,23609.9103,534528.37,22379.75,0.0022133771716383865
2024-10-03,22.22,-0.0212,46.01,22128.28,0.0,56305.56,1061.34,377337.59,0.0,23609.9103,524612.21,21904.7,-0.01855123236957479
2024-10-04,22.0,-0.0089,36.97,22114.96,29595.84,28152.78,443.06,406933.43,1345.2653,24955.1756,549013.86,21710.6,0.04651369056011867
2024-10-07,21.54,-0.0205,27.41,22094.4,16103.77,14076.39,1027.38,423037.2,747.6216,25702.7972,553638.25,21264.5,0.008423084255104296
2024-10-08,21.95,0.0198,39.45,22097.61,0.0,15076.39,0.0,423037.2,0.0,25702.7972,564176.4,21685.65,0.019034360433008324
2024-10-09,22.2,0.0107,46.99,22100.85,0.0,16076.39,0.0,423037.2,0.0,25702.7972,570602.1,21918.3,0.01138952285136341
2024-10-10,22.16,-0.0015,48.47,22105.18,0.0,17076.39,74.48,423037.2,0.0,25702.7972,569573.99,21885.65,-0.0018017984861955494
2024-10-11,22.24,0.0043,44.24,22101.75,0.0,18076.39,0.0,423037.2,0.0,25702.7972,571630.21,21979.15,0.0036101016480756254
2024-10-14,22.29,0.0036,42.12,22095.18,0.0,19076.39,0.0,423037.2,0.0,25702.7972,572915.35,22058.8,0.0022482016826927964
2024-10-15,22.35,0.0032,42.12,22088.38,0.0,20076.39,0.0,423037.2,0.0,25702.7972,574457.52,22128.65,0.002691793822595434
2024-10-16,22.39,-0.002,43.87,22080.86,0.0,21076.39,98.4,423037.2,0.0,25702.7972,575485.63,22085.1,0.0017897058776426
2024-10-17,22.0,-0.0166,37.41,22062.79,12368.17,10538.2,829.97,435405.36,562.1894,26264.9866,577829.7,21718.5,0.00407320335696304
2024-10-18,22.04,0.0017,38.4,22052.32,0.0,11538.2,0.0,435405.36,0.0,26264.9866,578880.3,21755.65,0.0018181827621530644
2024-10-21,21.71,-0.015,34.72,22011.01,7517.75,5769.1,748.66,442923.12,346.2807,26611.2673,577730.61,21429.9,-0.0019860582576398667
2024-10-22,21.15,-0.0257,27.73,21933.8,5168.85,2884.55,1284.3,448091.97,244.3902,26855.6575,567997.16,20879.45,-0.01684773115968352
2024-10-23,21.2,0.0051,34.67,21858.38,0.0,3884.55,0.0,448091.97,0.0,26855.6575,569339.94,20985.25,0.0023640611160800074
2024-10-24,21.18,-0.0025,36.39,21787.15,3067.36,1942.27,125.09,451159.33,144.8235,27000.481,571870.19,20932.75,0.004444181449838158
2024-10-25,20.83,-0.0176,37.4,21696.94,2852.65,971.14,881.51,454011.98,136.9491,27137.4301,565272.67,20563.7,-0.011536744029269852
2024-10-28,20.96,0.0064,30.13,21613.68,0.0,1971.14,0.0,454011.98,0.0,27137.4301,568800.54,20695.55,0.006241005778680142
2024-10-29,21.08,0.0083,28.38,21541.45,0.0,2971.14,0.0,454011.98,0.0,27137.4301,572057.03,20867.4,0.005725187954287003
2024-10-30,21.18,0.0024,30.2,21468.3,0.0,3971.14,0.0,454011.98,0.0,27137.4301,574770.77,20916.7,0.004743827726406913
2024-10-31,21.16,-0.0019,26.97,21416.9,3081.19,1985.57,95.62,457093.17,145.6137,27283.0438,577309.21,20876.7,0.004416438922250521
2024-11-01,21.29,0.0069,28.89,21382.42,0.0,2985.57,0.0,457093.17,0.0,27283.0438,580856.0,21021.1,0.006143657399818814
2024-11-04,21.03,-0.0121,24.24,21357.57,3096.23,1492.78,603.44,460189.39,147.229,27430.2728,576858.64,20767.4,-0.006881843348437444
2024-11-05,21.1,0.0046,27.29,21316.39,0.0,2492.78,0.0,460189.39,0.0,27430.2728,578778.76,20862.1,0.0033285797712936382
2024-11-06,21.58,0.0209,42.4,21285.4,0.0,3492.78,0.0,460189.39,0.0,27430.2728,591945.29,21298.5,0.022748813380781385
2024-11-07,21.4,-0.0049,40.09,21250.86,2989.72,1746.39,243.33,463179.11,139.7065,27569.9793,589997.56,21194.85,-0.003290388542495193
2024-11-08,21.15,-0.013,40.82,21197.9,2521.82,873.2,648.62,465700.93,119.235,27689.2143,585626.88,20919.9,-0.007407962839710791
2024-11-11,21.02,-0.0081,47.3,21132.46,0.0,1873.2,406.19,465700.93,0.0,27689.2143,582027.29,20749.95,-0.006146558709873351
2024-11-12,20.82,-0.0091,41.44,21054.05,2392.86,936.6,456.27,468093.8,114.931,27804.1454,578882.31,20560.6,-0.005403492334526083
2024-11-13,20.28,-0.0267,34.53,20950.34,2805.44,468.3,1337.14,470899.24,138.3355,27942.4809,566673.51,20010.75,-0.021090297266123104
2024-11-14,20.34,0.0047,41.52,20869.67,0.0,1468.3,0.0,470899.24,0.0,27942.4809,568350.06,20105.25,0.002958581917831493
2024-11-18,20.34,-0.0018,37.99,20785.32,1825.42,734.15,91.27,472724.66,89.7453,28032.2262,570175.48,20068.55,0.003211788171536334
2024-11-19,20.55,0.0094,38.4,20726.73,0.0,1734.15,0.0,472724.66,0.0,28032.2262,576062.25,20258.1,0.01032448817336018
2024-11-21,20.43,-0.0038,36.14,20691.8,2057.62,867.07,190.54,474782.28,100.7154,28132.9416,574756.0,20180.9,-0.0022675500781382807
2024-11-22,20.69,0.0115,41.85,20663.17,0.0,1867.07,0.0,474782.28,0.0,28132.9416,582070.56,20412.65,0.012726374322321155
2024-11-25,21.01,0.0153,45.1,20652.82,0.0,2867.07,0.0,474782.28,0.0,28132.9416,591073.1,20725.7,0.015466406684440326
2024-11-26,21.01,0.0005,49.42,20661.39,0.0,3867.07,0.0,474782.28,0.0,28132.9416,591073.1,20735.1,0.0
2024-11-27,21.12,0.005,49.57,20668.52,0.0,4867.07,0.0,474782.28,0.0,28132.9416,594167.73,20838.2,0.005235612989324068
2024-11-28,21.11,0.0001,40.22,20667.14,0.0,5867.07,0.0,474782.28,0.0,28132.9416,593886.4,20839.9,-0.0004734858286564725
2024-11-29,21.18,0.0032,43.76,20666.64,0.0,6867.07,0.0,474782.28,0.0,28132.9416,595855.7,20906.65,0.003315954027571566
2024-12-02,21.37,0.0095,54.17,20678.11,0.0,7867.07,0.0,474782.28,0.0,28132.9416,601200.96,21105.95,0.008970728986900767
2024-12-03,21.57,0.0088,62.04,20691.62,0.0,8867.07,0.0,474782.28,0.0,28132.9416,606827.55,21291.35,0.009358917191349958
2024-12-04,21.76,0.0091,70.53,20727.5,0.0,9867.07,0.0,474782.28,0.0,28132.9416,612172.81,21485.15,0.008808532176892703
2024-12-05,21.88,0.0043,93.65,20763.28,0.0,10867.07,0.0,474782.28,0.0,28132.9416,615548.76,21577.65,0.005514700987781396
2024-12-06,21.96,0.0041,93.63,20781.63,0.0,11867.07,0.0,474782.28,0.0,28132.9416,617799.4,21665.4,0.0036563147328898538
2024-12-09,22.04,0.0038,95.79,20809.31,0.0,12867.07,0.0,474782.28,0.0,28132.9416,620050.03,21748.5,0.0036429786108564954
2024-12-10,22.07,0.0028,95.47,20853.77,0.0,13867.07,0.0,474782.28,0.0,28132.9416,620894.02,21809.1,0.0013611643563664622
2024-12-11,22.2,0.0032,100.0,20910.25,0.0,14867.07,0.0,474782.28,0.0,28132.9416,624551.3,21879.55,0.005890345022166565
2024-12-12,22.09,-0.005,93.05,20970.72,0.0,15867.07,250.23,474782.28,0.0,28132.9416,621456.68,21770.05,-0.00495494925717066
2024-12-13,22.04,-0.001,89.77,21057.59,0.0,16867.07,50.41,474782.28,0.0,28132.9416,620050.03,21748.1,-0.002263472330847005
2024-12-16,22.16,0.0069,90.79,21147.27,0.0,17867.07,0.0,474782.28,0.0,28132.9416,623425.99,21898.8,0.005444657425466071
2024-12-17,22.04,-0.0066,81.19,21231.54,0.0,18867.07,330.38,474782.28,0.0,28132.9416,620050.03,21754.1,-0.005415173659988004
2024-12-18,21.9,-0.006,74.51,21299.8,0.0,19867.07,301.09,474782.28,0.0,28132.9416,616111.42,21623.1,-0.006352084201979635
2024-12-19,21.84,-0.0024,71.0,21369.32,0.0,20867.07,119.78,474782.28,0.0,28132.9416,614423.44,21571.3,-0.002739731719305083
2024-12-20,21.4,-0.0241,48.55,21401.21,0.0,21867.07,1206.93,474782.28,0.0,28132.9416,602044.95,21050.6,-0.02014651329057371
2024-12-23,21.42,0.0012,43.83,21418.73,0.0,22867.07,0.0,474782.28,0.0,28132.9416,602607.61,21076.15,0.0009345813796795
2024-12-24,21.33,0.0002,36.99,21436.02,0.0,23867.07,0.0,474782.28,0.0,28132.9416,600075.64,21080.7,-0.004201689387892005
2024-12-26,21.37,0.0008,33.74,21448.95,0.0,24867.07,0.0,474782.28,0.0,28132.9416,601200.96,21096.85,0.0018752969209014925
2024-12-27,21.36,-0.0012,29.04,21460.54,13492.79,12433.54,59.25,488275.06,631.6848,28764.6264,614412.42,21071.85,0.021975114610595536
2024-12-30,21.38,0.0018,26.67,21470.68,0.0,13433.54,0.0,488275.06,0.0,28764.6264,614987.71,21109.25,0.0009363254733683046
2024-12-31,21.45,0.0015,25.1,21472.44,0.0,14433.54,0.0,488275.06,0.0,28764.6264,617001.24,21141.2,0.0032740979490468725
2025-01-01,21.63,0.005,27.0,21470.2,0.0,15433.54,0.0,488275.06,0.0,28764.6264,622178.87,21246.5,0.008391603880731235
2025-01-02,21.78,0.0107,40.06,21469.59,0.0,16433.54,0.0,488275.06,0.0,28764.6264,626493.56,21473.15,0.00693480638453714
2025-01-03,21.72,-0.0025,39.22,21461.68,9342.16,8216.77,125.39,497617.22,430.1178,29194.7442,634109.84,21419.3,0.01215699647415347
2025-01-06,21.21,-0.0252,23.38,21422.39,6368.11,4108.38,1259.73,503985.34,300.2411,29494.9852,625588.64,20879.65,-0.013438050417258873
2025-01-07,21.39,0.0087,32.23,21388.0,0.0,5108.38,0.0,503985.34,0.0,29494.9852,630897.73,21060.8,0.008486551162437905
2025-01-08,21.15,-0.0105,30.82,21339.56,4077.68,2554.19,523.48,508063.01,192.7979,29687.7832,627896.61,20840.3,-0.004756904102349524
2025-01-09,20.98,-0.008,29.18,21279.3,2675.48,1277.1,398.39,510738.49,127.5254,29815.3086,625525.17,20674.25,-0.0037768001327478373
2025-01-10,20.56,-0.0204,30.59,21203.44,2657.45,638.55,1018.9,513395.94,129.2533,29944.5619,615660.19,20252.95,-0.015770716308666
2025-01-13,19.75,-0.0392,21.36,21088.96,3281.09,319.27,1961.81,516677.03,166.131,30110.6929,594686.18,19458.3,-0.0340675105206979
2025-01-14,20.16,0.0218,31.55,20988.18,0.0,1319.27,0.0,516677.03,0.0,30110.6929,607031.57,19883.35,0.020759503777269428
2025-01-15,20.25,0.0036,32.71,20898.25,0.0,2319.27,0.0,516677.03,0.0,30110.6929,609741.53,19955.4,0.004464281816512594
2025-01-16,20.5,0.0109,37.13,20825.72,0.0,3319.27,0.0,516677.03,0.0,30110.6929,617269.2,20172.65,0.012345673748022312
2025-01-17,20.5,0.0012,36.87,20756.96,0.0,4319.27,0.0,516677.03,0.0,30110.6929,617269.2,20195.9,0.0
2025-01-20,20.65,0.0077,39.03,20721.97,0.0,5319.27,0.0,516677.03,0.0,30110.6929,621785.81,20350.9,0.007317083049016793
2025-01-21,20.24,-0.0199,33.34,20665.48,4653.7,2659.64,994.06,521330.73,229.9257,30340.6186,614094.12,19946.3,-0.01237032089876744
2025-01-22,19.97,-0.0125,27.37,20596.29,2955.0,1329.82,625.18,524285.72,147.9718,30488.5904,608857.15,19696.9,-0.00852795985084498
2025-01-23,20.36,0.0178,33.76,20543.84,0.0,2329.82,0.0,524285.72,0.0,30488.5904,620747.7,20047.95,0.01952929352968913
2025-01-24,19.96,-0.0169,35.44,20475.7,3010.38,1164.91,845.47,527296.11,150.8208,30639.4111,611562.65,19708.95,-0.014796752368152033
2025-01-27,19.45,-0.0283,28.29,20377.84,2995.14,582.45,1412.68,530291.24,153.9917,30793.4028,598931.68,19152.1,-0.020653599430900504
2025-01-28,19.32,-0.0069,28.87,20271.74,1638.45,291.23,347.22,531929.69,84.8058,30878.2086,596566.99,19019.1,-0.003948179865857271
2025-01-29,19.79,0.0243,37.05,20183.5,0.0,1291.23,0.0,531929.69,0.0,30878.2086,611079.75,19481.75,0.024327125441520048
2025-01-30,19.8,0.0017,41.24,20085.55,0.0,2291.23,0.0,531929.69,0.0,30878.2086,611388.53,19514.25,0.0005053022948313668
2025-01-31,20.12,0.0173,55.22,20007.13,0.0,3291.23,0.0,531929.69,0.0,30878.2086,621269.56,19850.95,0.01616162148151523
2025-02-01,20.02,-0.0039,48.39,19951.82,0.0,4291.23,195.33,531929.69,0.0,30878.2086,618181.74,19773.4,-0.004970177518435093
2025-02-03,19.82,-0.0098,44.68,19877.74,3636.68,2145.61,491.06,535566.37,183.4852,31061.6938,615642.77,19579.2,-0.004107157872375811
2025-02-04,20.07,0.0138,45.49,19828.18,0.0,3145.61,0.0,535566.37,0.0,31061.6938,623408.19,19849.15,0.012613516114223122
2025-02-05,20.25,0.0074,47.3,19794.26,0.0,4145.61,0.0,535566.37,0.0,31061.6938,628999.3,19995.7,0.008968618137660478
2025-02-06,20.08,-0.0101,42.58,19771.3,0.0,5145.61,504.98,535566.37,0.0,31061.6938,623718.81,19793.75,-0.008395064986558842
2025-02-07,20.11,0.0013,48.12,19789.36,0.0,6145.61,0.0,535566.37,0.0,31061.6938,624650.66,19819.6,0.0014940226029096504
2025-02-10,19.71,-0.0208,45.91,19765.54,0.0,7145.61,1041.01,535566.37,0.0,31061.6938,612225.99,19406.95,-0.019890589725783725
2025-02-11,19.15,-0.0294,33.89,19709.62,6041.22,3572.81,1468.42,541607.59,315.4686,31377.1624,600872.66,18837.0,-0.018544345038341126
2025-02-12,19.04,-0.0037,36.5,19639.33,2972.61,1786.4,186.2,544580.2,156.1243,31533.2867,600393.78,18766.85,-0.0007969741875092362
2025-02-13,19.11,0.0016,44.01,19569.38,0.0,2786.4,0.0,544580.2,0.0,31533.2867,602601.11,18796.8,0.003676470465766579
2025-02-14,18.66,-0.0239,39.75,19469.17,3590.21,1393.2,1197.01,548170.41,192.4016,31725.6883,592001.34,18346.8,-0.017590027339976277
2025-02-17,18.68,0.0034,31.36,19392.28,0.0,2393.2,0.0,548170.41,0.0,31725.6883,592635.86,18408.45,0.0010718218982410654
2025-02-18,18.66,-0.0018,30.23,19326.23,2285.15,1196.6,88.55,550455.56,122.4623,31848.1506,594286.49,18375.85,0.0027852347645651587
2025-02-19,18.91,0.0146,28.56,19256.08,0.0,2196.6,0.0,550455.56,0.0,31848.1506,602248.53,18644.9,0.01339764597374593
2025-02-20,19.18,0.0131,35.15,19215.07,0.0,3196.6,0.0,550455.56,0.0,31848.1506,610847.53,18888.8,0.014278158553579168
2025-02-21,18.93,-0.011,34.99,19191.53,3147.44,1598.3,549.13,553603.0,166.2671,32014.4177,606032.93,18681.35,-0.007881835914110957
2025-02-24,18.81,-0.0095,26.8,19165.77,2274.09,799.15,474.94,555877.08,120.8979,32135.3156,604465.29,18503.9,-0.002586724124050477
2025-02-25,18.71,-0.0051,22.14,19112.12,1656.68,399.58,257.11,557533.77,88.5453,32223.8609,602908.44,18408.75,-0.0025755821314406013
2025-02-27,18.46,-0.0126,21.91,19045.25,1829.65,199.79,629.86,559363.42,99.1144,32322.9753,596682.12,18176.85,-0.010327140220495079
2025-02-28,18.07,-0.0235,18.44,18940.23,2272.54,99.89,1172.65,561635.96,125.7631,32448.7384,586348.7,17750.55,-0.01731813247563052
2025-03-03,18.04,0.0016,21.86,18840.49,0.0,1099.89,0.0,561635.96,0.0,32448.7384,585375.24,17778.55,-0.0016602066313099462
2025-03-04,18.08,0.0016,28.11,18751.89,0.0,2099.89,0.0,561635.96,0.0,32448.7384,586673.19,17807.3,0.0022172956956634238
2025-03-05,18.52,0.0243,40.3,18671.44,0.0,3099.89,0.0,561635.96,0.0,32448.7384,600950.63,18240.15,0.024336274851762152
2025-03-06,18.64,0.0055,41.82,18588.71,0.0,4099.89,0.0,561635.96,0.0,32448.7384,604844.48,18341.0,0.006479484013520276
2025-03-07,18.48,-0.0027,48.82,18513.55,0.0,5099.89,137.4,561635.96,0.0,32448.7384,599652.68,18290.6,-0.008583694109269069
2025-03-10,18.34,-0.0142,42.7,18424.12,4259.33,2549.95,709.38,565895.29,232.2425,32680.9809,599369.19,18031.1,-0.0004727569966003209
2025-03-11,18.36,0.0042,44.88,18359.12,0.0,3549.95,0.0,565895.29,0.0,32680.9809,600022.81,18106.9,0.0010905131776961507
2025-03-12,18.23,-0.0051,37.13,18317.98,3030.82,1774.97,255.84,568926.1,166.2543,32847.2351,598805.1,18014.25,-0.0020294395141412513
2025-03-13,18.16,-0.0062,28.73,18274.74,2199.05,887.49,311.56,571125.15,121.0928,32968.328,598704.84,17902.0,-0.00016743344370317992
2025-03-17,18.25,0.0076,35.67,18236.76,0.0,1887.49,0.0,571125.15,0.0,32968.328,601671.99,18037.25,0.004955947909156766
2025-03-18,18.64,0.0206,48.04,18239.84,0.0,2887.49,0.0,571125.15,0.0,32968.328,614529.63,18408.4,0.02136984970831035
2025-03-19,19.13,0.0237,57.83,18261.64,0.0,3887.49,0.0,571125.15,0.0,32968.328,630684.11,18844.4,0.026287552644125523
2025-03-20,19.25,0.0055,64.54,18290.27,0.0,4887.49,0.0,571125.15,0.0,32968.328,634640.31,18948.45,0.006272870898872185
2025-03-21,19.52,0.0134,79.26,18318.19,0.0,5887.49,0.0,571125.15,0.0,32968.328,643541.76,19203.3,0.014025976383378325
2025-03-24,19.74,0.0112,80.71,18344.67,0.0,6887.49,0.0,571125.15,0.0,32968.328,650794.79,19418.3,0.011270488491686992
2025-03-25,19.53,-0.0098,75.1,18372.02,0.0,7887.49,489.1,571125.15,0.0,32968.328,643871.44,19228.35,-0.010638299670469253
2025-03-26,19.38,-0.0063,67.2,18402.16,0.0,8887.49,316.46,571125.15,0.0,32968.328,638926.2,19106.65,-0.007680477332555724
2025-03-27,19.41,0.0036,66.77,18440.49,0.0,9887.49,0.0,571125.15,0.0,32968.328,639915.25,19175.4,0.0015479878583786189
2025-03-28,19.26,-0.0029,66.65,18487.66,0.0,10887.49,143.54,571125.15,0.0,32968.328,634970.0,19120.35,-0.007727976478135168
2025-04-01,19.17,-0.0099,68.59,18546.7,0.0,11887.49,494.11,571125.15,0.0,32968.328,632002.85,18931.4,-0.004672897932185838
2025-04-02,19.49,0.0142,70.92,18617.81,0.0,12887.49,0.0,571125.15,0.0,32968.328,642552.71,19200.75,0.016692741179885395
2025-04-03,19.53,0.002,73.91,18689.37,0.0,13887.49,0.0,571125.15,0.0,32968.328,643871.44,19238.4,0.002052329683583487
2025-04-04,18.99,-0.0293,62.84,18711.13,0.0,14887.49,1463.48,571125.15,0.0,32968.328,626068.55,18675.3,-0.0276497587779323
2025-04-07,18.28,-0.0359,49.55,18694.33,0.0,15887.49,1794.35,571125.15,0.0,32968.328,602661.03,18005.1,-0.03738811029558986
2025-04-08,18.68,0.0212,49.7,18699.16,0.0,16887.49,0.0,571125.15,0.0,32968.328,615848.37,18387.05,0.02188185288834754
2025-04-09,18.55,-0.0062,41.16,18711.24,9754.56,8443.74,310.82,580879.71,525.8523,33494.1802,621317.04,18272.75,0.008879896848634994
2025-04-11,18.89,0.0187,45.19,18736.6,0.0,9443.74,0.0,580879.71,0.0,33494.1802,632705.06,18614.15,0.018328839009469355
2025-04-15,19.5,0.0303,49.67,18794.81,0.0,10443.74,0.0,580879.71,0.0,33494.1802,653136.51,19178.5,0.03229221843112806
2025-04-16,19.64,0.0074,48.68,18865.74,0.0,11443.74,0.0,580879.71,0.0,33494.1802,657825.7,19320.6,0.007179494528639863
2025-04-17,19.74,0.0058,52.82,18935.55,0.0,12443.74,0.0,580879.71,0.0,33494.1802,661175.12,19433.45,0.005091652697667648
2025-04-21,20.21,0.0221,59.61,19008.31,0.0,13443.74,0.0,580879.71,0.0,33494.1802,676917.38,19863.65,0.023809516607339987
2025-04-22,20.34,0.0085,60.6,19067.71,0.0,14443.74,0.0,580879.71,0.0,33494.1802,681271.63,20032.3,0.0064324689078008035
2025-04-23,20.47,0.0098,63.26,19131.74,0.0,15443.74,0.0,580879.71,0.0,33494.1802,685625.87,20229.05,0.0063913420260872655
2025-04-24,20.49,-0.0017,65.68,19181.3,0.0,16443.74,85.64,580879.71,0.0,33494.1802,686295.75,20194.4,0.0009770343117303515
2025-04-25,20.0,-0.0247,55.8,19195.12,0.0,17443.74,1236.85,580879.71,0.0,33494.1802,669883.6,19694.85,-0.02391410700124552
2025-04-28,20.25,0.0138,58.11,19232.04,0.0,18443.74,0.0,580879.71,0.0,33494.1802,678257.15,19966.7,0.012500007463983387
2025-04-29,20.3,0.0021,66.79,19277.16,0.0,19443.74,0.0,580879.71,0.0,33494.1802,679931.86,20009.05,0.0024691372586340687
2025-04-30,20.16,-0.0068,77.18,19312.05,0.0,20443.74,339.6,580879.71,0.0,33494.1802,675242.67,19873.15,-0.006896558722810808
2025-05-02,20.07,-0.0068,71.18,19342.93,0.0,21443.74,339.78,580879.71,0.0,33494.1802,672228.2,19738.1,-0.004464276524468014
2025-05-05,20.33,0.0158,76.23,19398.82,0.0,22443.74,0.0,580879.71,0.0,33494.1802,680936.68,20049.15,0.012954648436349636
2025-05-06,19.93,-0.0201,64.96,19421.1,0.0,23443.74,1004.91,580879.71,0.0,33494.1802,667539.01,19646.2,-0.019675353661371298
2025-05-07,20.14,0.0151,62.03,19456.36,0.0,24443.74,0.0,580879.71,0.0,33494.1802,674572.79,19943.65,0.010536882331416253
2025-05-08,19.85,-0.0176,54.0,19502.18,0.0,25443.74,882.11,580879.71,0.0,33494.1802,664859.48,19591.8,-0.014399202197289962
2025-05-09,19.84,0.0002,52.48,19581.74,0.0,26443.74,0.0,580879.71,0.0,33494.1802,664524.54,19596.25,-0.0005037756248883474
2025-05-12,20.7,0.0375,56.52,19678.96,0.0,27443.74,0.0,580879.71,0.0,33494.1802,693329.53,20331.5,0.04334676639631696
2025-05-13,20.78,0.0024,55.0,19784.29,0.0,28443.74,0.0,580879.71,0.0,33494.1802,696009.07,20379.3,0.0038647423541875447
2025-05-14,20.92,0.0127,55.79,19885.48,0.0,29443.74,0.0,580879.71,0.0,33494.1802,700698.25,20637.9,0.006737239789130989
2025-05-15,21.12,0.0069,58.07,19965.61,0.0,30443.74,0.0,580879.71,0.0,33494.1802,707397.09,20781.15,0.009560235094065117
2025-05-16,21.31,0.0086,69.07,20047.59,0.0,31443.74,0.0,580879.71,0.0,33494.1802,713760.98,20960.15,0.008996206077127145
2025-05-19,21.34,0.0016,66.67,20125.56,0.0,32443.74,0.0,580879.71,0.0,33494.1802,714765.81,20992.8,0.0014077962065117688
2025-05-20,21.04,-0.0156,59.76,20165.64,0.0,33443.74,780.15,580879.71,0.0,33494.1802,704717.55,20665.25,-0.014058115062890342
2025-05-21,21.15,0.0079,64.09,20205.46,0.0,34443.74,0.0,580879.71,0.0,33494.1802,708401.91,20828.75,0.005228137145158351
2025-05-22,21.12,-0.0037,65.23,20231.64,0.0,35443.74,182.56,580879.71,0.0,33494.1802,707397.09,20752.7,-0.001418432087513799
2025-05-23,21.2,0.0059,63.13,20265.64,0.0,36443.74,0.0,580879.71,0.0,33494.1802,710076.62,20874.4,0.0037878725229136823
2025-05-26,21.35,0.0056,73.55,20330.45,0.0,37443.74,0.0,580879.71,0.0,33494.1802,715100.75,20991.0,0.007075475883151938
2025-05-27,21.35,0.0021,70.96,20383.84,0.0,38443.74,0.0,580879.71,0.0,33494.1802,715100.75,21034.45,0.0
2025-05-28,21.4,0.0005,82.14,20435.6,0.0,39443.74,0.0,580879.71,0.0,33494.1802,716775.46,21044.4,0.0023419217501869927
2025-05-29,21.48,0.0056,83.0,20500.1,0.0,40443.74,0.0,580879.71,0.0,33494.1802,719454.99,21163.15,0.0037383115766826958
2025-05-30,21.49,-0.0018,73.68,20569.48,0.0,41443.74,88.83,580879.71,0.0,33494.1802,719789.93,21125.55,0.0004655468440075694
2025-06-02,21.58,0.0055,74.7,20629.06,0.0,42443.74,0.0,580879.71,0.0,33494.1802,722804.41,21240.8,0.004187999684852395
2025-06-03,21.52,-0.0036,66.87,20704.98,0.0,43443.74,179.02,580879.71,0.0,33494.1802,720794.76,21164.75,-0.002780351049601393
2025-06-04,21.62,0.008,67.43,20774.53,0.0,44443.74,0.0,580879.71,0.0,33494.1802,724144.18,21334.6,0.004646842882154223
2025-06-05,21.81,0.0066,66.65,20868.76,0.0,45443.74,0.0,580879.71,0.0,33494.1802,730508.07,21476.45,0.00878815321004156
2025-06-06,22.0,0.0099,70.11,20973.38,0.0,46443.74,0.0,580879.71,0.0,33494.1802,736871.97,21688.6,0.00871160807299498
2025-06-09,22.21,0.0101,88.31,21052.22,0.0,47443.74,0.0,580879.71,0.0,33494.1802,743905.74,21908.35,0.009545443830629052
2025-06-10,22.25,0.0003,87.06,21129.06,0.0,48443.74,0.0,580879.71,0.0,33494.1802,745245.51,21915.9,0.0018009943033912013
2025-06-11,22.18,-0.0032,87.43,21189.46,0.0,49443.74,159.36,580879.71,0.0,33494.1802,742900.92,21846.05,-0.0031460639058394912
2025-06-12,21.84,-0.0154,68.96,21225.89,0.0,50443.74,769.93,580879.71,0.0,33494.1802,731512.9,21509.65,-0.015329123566033553
2025-06-13,21.62,-0.0036,63.52,21249.53,0.0,51443.74,178.06,580879.71,0.0,33494.1802,724144.18,21433.05,-0.010073260498892012
2025-06-16,21.93,0.0075,65.97,21279.62,0.0,52443.74,0.0,580879.71,0.0,33494.1802,734527.37,21594.45,0.014338567217373699
2025-06-17,21.8,-0.0062,61.1,21319.4,0.0,53443.74,309.11,580879.71,0.0,33494.1802,730173.13,21460.95,-0.005927947926569477
2025-06-18,21.69,-0.0048,55.25,21345.89,0.0,54443.74,238.69,580879.71,0.0,33494.1802,726488.77,21358.5,-0.005045871792077605
2025-06-19,21.36,-0.0157,47.62,21359.4,0.0,55443.74,785.52,580879.71,0.0,33494.1802,715435.69,21022.95,-0.015214385213415005
2025-06-20,21.58,0.0125,50.97,21379.95,0.0,56443.74,0.0,580879.71,0.0,33494.1802,722804.41,21285.45,0.010299625952403968
2025-06-23,21.71,0.004,54.46,21398.97,0.0,57443.74,0.0,580879.71,0.0,33494.1802,727158.65,21371.3,0.00602409163496942
2025-06-24,21.87,0.0071,54.1,21423.4,0.0,58443.74,0.0,580879.71,0.0,33494.1802,732517.72,21523.05,0.007369877261309998
2025-06-25,21.99,0.0055,53.61,21453.21,0.0,59443.74,0.0,580879.71,0.0,33494.1802,736537.02,21640.65,0.005486966240216162
2025-06-26,22.06,0.0052,51.49,21482.71,0.0,60443.74,0.0,580879.71,0.0,33494.1802,738881.62,21753.15,0.0031832751597469233
2025-06-27,22.2,0.004,48.33,21518.44,0.0,61443.74,0.0,580879.71,0.0,33494.1802,743570.8,21840.2,0.006346321079146788
2025-06-30,22.34,0.0068,51.67,21555.84,0.0,62443.74,0.0,580879.71,0.0,33494.1802,748259.99,21988.65,0.006306312727718755
2025-07-01,22.28,-0.0017,52.44,21595.15,0.0,63443.74,85.5,580879.71,0.0,33494.1802,746250.34,21951.05,-0.0026857643424179622
2025-07-02,22.25,-0.0005,61.8,21625.43,0.0,64443.74,24.83,580879.71,0.0,33494.1802,745245.51,21940.15,-0.0013465052491633545
2025-07-03,22.32,0.0017,65.25,21650.47,0.0,65443.74,0.0,580879.71,0.0,33494.1802,747590.1,21977.25,0.0031460639058396023
2025-07-04,22.32,-0.0002,61.64,21664.7,0.0,66443.74,9.33,580879.71,0.0,33494.1802,747590.1,21973.15,0.0
2025-07-07,22.26,-0.0026,64.69,21665.09,0.0,67443.74,129.36,580879.71,0.0,33494.1802,745580.45,21916.3,-0.00268817096427576
2025-07-08,22.23,-0.0014,67.85,21663.61,0.0,68443.74,68.78,580879.71,0.0,33494.1802,744575.63,21886.15,-0.001347701646415178
2025-07-09,22.23,-0.0003,87.21,21665.24,0.0,69443.74,17.13,580879.71,0.0,33494.1802,744575.63,21878.65,0.0
2025-07-10,22.17,-0.0028,78.12,21680.67,0.0,70443.74,137.81,580879.71,0.0,33494.1802,742565.98,21818.35,-0.002699054225022146
2025-07-11,21.98,-0.0083,62.7,21690.84,0.0,71443.74,416.97,580879.71,0.0,33494.1802,736202.08,21636.4,-0.00857014753086327
2025-07-14,22.13,0.0064,62.18,21699.81,0.0,72443.74,0.0,580879.71,0.0,33494.1802,741226.21,21773.9,0.006824389846874723
2025-07-15,22.33,0.0092,65.02,21725.51,0.0,73443.74,0.0,580879.71,0.0,33494.1802,747925.04,21974.9,0.009037497473274758
2025-07-16,22.35,0.001,61.9,21757.4,0.0,74443.74,0.0,580879.71,0.0,33494.1802,748594.93,21996.3,0.0008956646243585276
2025-07-17,22.34,0.0005,58.79,21806.56,0.0,75443.74,0.0,580879.71,0.0,33494.1802,748259.99,22006.25,-0.000447424884376435
2025-07-18,22.22,-0.0067,43.12,21835.23,0.0,76443.74,334.9,580879.71,0.0,33494.1802,744240.68,21858.85,-0.00537154204917456
2025-07-21,22.37,0.0063,52.2,21866.52,0.0,77443.74,0.0,580879.71,0.0,33494.1802,749264.81,21997.0,0.006750679094832623
2025-07-22,22.26,-0.0051,47.55,21884.57,0.0,78443.74,256.74,580879.71,0.0,33494.1802,745580.45,21884.05,-0.0049173001999121
2025-07-23,22.28,0.003,48.81,21900.0,0.0,79443.74,0.0,580879.71,0.0,33494.1802,746250.34,21949.25,0.0008984811766457046
2025-07-24,22.22,-0.0042,45.37,21905.15,0.0,80443.74,212.08,580879.71,0.0,33494.1802,744240.68,21856.15,-0.002693010498326709
2025-07-25,21.87,-0.0162,36.72,21888.22,42032.97,40221.87,811.1,622912.68,1921.9465,35416.1268,774550.69,21501.6,0.0407260860827976
2025-07-28,21.68,-0.0087,33.37,21854.53,21545.21,20110.94,434.27,644457.88,993.7826,36409.9093,789366.83,21314.85,0.019128689950556943
2025-07-29,21.86,0.0087,40.04,21832.02,0.0,21110.94,0.0,644457.88,0.0,36409.9093,795920.62,21501.0,0.008302591077965715
2025-07-30,21.91,0.0018,42.59,21812.03,0.0,22110.94,0.0,644457.88,0.0,36409.9093,797741.11,21540.25,0.0022872758341152544
2025-07-31,21.71,-0.0083,42.65,21781.23,12470.85,11055.47,415.39,656928.74,574.429,36984.3383,802929.98,21361.3,0.006504453556367418
2025-08-01,21.45,-0.0128,32.93,21737.01,7165.92,5527.73,638.19,664094.66,334.0756,37318.4139,800479.98,21088.65,-0.003051324599935845
2025-08-04,21.7,0.0114,34.23,21707.66,0.0,6527.73,0.0,664094.66,0.0,37318.4139,809809.58,21329.4,0.011655007287002972
2025-08-05,21.6,-0.0019,32.88,21677.8,4358.92,3263.87,95.06,668453.58,201.802,37520.2159,810436.66,21288.85,0.0007743548798224698
2025-08-06,21.48,-0.009,29.77,21638.7,3083.34,1631.93,451.41,671536.92,143.5449,37663.7607,809017.58,21096.65,-0.001751006673365585
2025-08-07,21.48,0.0026,33.61,21605.38,0.0,2631.93,0.0,671536.92,0.0,37663.7607,809017.58,21152.1,0.0
2025-08-08,21.22,-0.0144,25.27,21565.98,3034.22,1315.97,718.25,674571.14,142.9885,37806.7493,802259.22,20848.25,-0.008353786329340362
2025-08-11,21.35,0.0065,30.8,21526.47,0.0,2315.97,0.0,674571.14,0.0,37806.7493,807174.1,20983.8,0.006126299177964034
2025-08-12,21.3,-0.0023,28.22,21474.49,2273.79,1157.98,115.8,676844.93,106.7506,37913.4998,807557.55,20935.2,0.0004750524081484908
2025-08-13,21.45,0.0063,33.34,21428.04,0.0,2157.98,0.0,676844.93,0.0,37913.4998,813244.57,21067.3,0.007042247329617446
2025-08-14,21.38,-0.0024,38.26,21378.58,2198.25,1078.99,119.26,679043.18,102.8182,38016.318,812788.88,21017.05,-0.0005603357425428834
2025-08-18,21.67,0.0119,48.88,21348.99,0.0,2078.99,0.0,679043.18,0.0,38016.318,823813.61,21267.05,0.013564075827415367
2025-08-19,21.84,0.0094,49.2,21322.48,0.0,3078.99,0.0,679043.18,0.0,38016.318,830276.39,21466.85,0.007844954151704275
2025-08-20,21.93,0.0046,50.59,21306.58,0.0,4078.99,0.0,679043.18,0.0,38016.318,833697.85,21566.1,0.004120868714573511
2025-08-21,21.86,-0.0042,52.72,21282.93,0.0,5078.99,208.43,679043.18,0.0,38016.318,831036.71,21476.2,-0.003191971767709356
2025-08-22,21.77,-0.0018,59.32,21262.03,0.0,6078.99,88.47,679043.18,0.0,38016.318,827615.24,21438.2,-0.004117110542565583
2025-08-25,21.84,-0.0003,53.13,21258.57,0.0,7078.99,13.76,679043.18,0.0,38016.318,830276.39,21432.3,0.003215443446884736
2025-08-26,21.48,-0.0146,45.57,21248.79,0.0,8078.99,730.21,679043.18,0.0,38016.318,816590.51,21119.3,-0.016483523035022096
2025-08-28,21.23,-0.0121,44.13,21216.98,5642.14,4039.5,602.65,684685.32,265.7628,38282.0808,812728.58,20864.75,-0.004729334902508264
2025-08-29,21.14,-0.0055,40.13,21177.48,3294.01,2019.75,274.27,687979.34,155.819,38437.8998,812577.2,20750.3,-0.00018626144536471045
2025-09-01,21.5,0.0174,56.3,21165.01,0.0,3019.75,0.0,687979.34,0.0,38437.8998,826414.85,21111.85,0.01702933579726329
2025-09-02,21.53,0.0018,54.16,21168.06,0.0,4019.75,0.0,687979.34,0.0,38437.8998,827567.98,21149.7,0.0013953403668871545
2025-09-03,21.67,0.0067,58.55,21166.2,0.0,5019.75,0.0,687979.34,0.0,38437.8998,832949.29,21292.25,0.00650255946345335
2025-09-04,21.54,-0.0063,52.17,21159.66,0.0,6019.75,315.37,687979.34,0.0,38437.8998,827952.36,21157.95,-0.005999080688333436
2025-09-05,21.57,0.0007,53.78,21163.46,0.0,7019.75,0.0,687979.34,0.0,38437.8998,829105.5,21172.65,0.0013927612936570632
2025-09-08,21.59,0.0038,49.66,21168.56,0.0,8019.75,0.0,687979.34,0.0,38437.8998,829874.26,21254.1,0.0009272161383564459
2025-09-09,21.69,0.002,45.06,21190.94,0.0,9019.75,0.0,687979.34,0.0,38437.8998,833718.05,21295.9,0.004631773975011688
2025-09-10,21.89,0.0095,48.15,21216.67,0.0,10019.75,0.0,687979.34,0.0,38437.8998,841405.63,21498.35,0.009220839107417556
2025-09-11,21.91,0.0004,50.9,21245.3,0.0,11019.75,0.0,687979.34,0.0,38437.8998,842174.38,21507.75,0.0009136496983030984
2025-09-12,21.92,0.0028,53.64,21270.29,0.0,12019.75,0.0,687979.34,0.0,38437.8998,842558.76,21567.2,0.0004564137892677511
2025-09-15,22.01,0.0042,56.06,21302.31,0.0,13019.75,0.0,687979.34,0.0,38437.8998,846018.17,21657.4,0.004105838268182005
2025-09-16,22.17,0.0062,70.01,21328.51,0.0,14019.75,0.0,687979.34,0.0,38437.8998,852168.24,21791.15,0.007269430158929113
2025-09-17,22.21,0.0018,83.01,21346.72,0.0,15019.75,0.0,687979.34,0.0,38437.8998,853705.75,21831.05,0.0018042329294036819
2025-09-18,22.29,0.0031,90.52,21363.36,0.0,16019.75,0.0,687979.34,0.0,38437.8998,856780.79,21898.8,0.0036019904984827544
2025-09-19,22.3,0.0001,87.3,21384.58,0.0,17019.75,0.0,687979.34,0.0,38437.8998,857165.17,21900.6,0.0004486328410795437
2025-09-22,22.18,-0.0056,77.47,21401.54,0.0,18019.75,281.04,687979.34,0.0,38437.8998,852552.62,21777.5,-0.005381168252555191
2025-09-23,22.12,-0.0029,69.8,21415.61,0.0,19019.75,146.71,687979.34,0.0,38437.8998,850246.34,21713.6,-0.0027051468095893316
2025-09-24,21.92,-0.0088,66.31,21435.81,0.0,20019.75,438.09,687979.34,0.0,38437.8998,842558.76,21523.35,-0.009041591405144933
2025-09-25,21.78,-0.0066,58.37,21461.65,0.0,21019.75,329.53,687979.34,0.0,38437.8998,837177.46,21381.5,-0.006386854253346175
2025-09-26,21.35,-0.0194,40.93,21472.52,12477.42,10509.87,967.54,700456.75,584.4223,39022.3221,833126.58,20967.75,-0.004838735147026041
2025-09-29,21.4,0.0025,41.32,21467.93,0.0,11509.87,0.0,700456.75,0.0,39022.3221,835077.69,21020.0,0.0023419130379924713
2025-09-30,21.43,0.0009,33.65,21462.38,0.0,12509.87,0.0,700456.75,0.0,39022.3221,836248.36,21038.7,0.0014018695673692072
2025-10-01,21.59,0.0086,40.9,21458.79,0.0,13509.87,0.0,700456.75,0.0,39022.3221,842491.93,21220.45,0.007466167108536981
2025-10-03,21.76,0.0085,45.09,21470.91,0.0,14509.87,0.0,700456.75,0.0,39022.3221,849125.73,21400.3,0.007874022009920045
2025-10-06,21.93,0.007,46.98,21489.82,0.0,15509.87,0.0,700456.75,0.0,39022.3221,855759.52,21551.05,0.00781249438760967
2025-10-07,21.98,0.0039,45.46,21508.92,0.0,16509.87,0.0,700456.75,0.0,39022.3221,857710.64,21635.9,0.0022799863213909255
2025-10-08,21.84,-0.0073,40.34,21518.01,9620.19,8254.94,365.25,710076.94,440.4847,39462.8068,861867.7,21477.85,0.0048466928193870995
2025-10-09,22.01,0.0083,43.74,21525.89,0.0,9254.94,0.0,710076.94,0.0,39462.8068,868576.38,21655.9,0.00778388608831726
2025-10-10,22.11,0.0041,46.13,21537.7,0.0,10254.94,0.0,710076.94,0.0,39462.8068,872522.66,21743.95,0.004543388573380325
2025-10-13,22.14,0.0001,49.19,21546.68,0.0,11254.94,0.0,710076.94,0.0,39462.8068,873706.54,21746.75,0.0013568472823388689
2025-10-14,21.98,-0.0069,47.05,21543.6,0.0,12254.94,346.72,710076.94,0.0,39462.8068,867392.49,21595.95,-0.007226739998993259
2025-10-15,22.17,0.0093,56.82,21543.87,0.0,13254.94,0.0,710076.94,0.0,39462.8068,874890.43,21796.5,0.008644229788062896
2025-10-16,22.24,0.0048,63.22,21547.36,0.0,14254.94,0.0,710076.94,0.0,39462.8068,877652.82,21900.9,0.003157412523074443
2025-10-17,22.18,-0.0054,74.42,21541.56,0.0,15254.94,269.62,710076.94,0.0,39462.8068,875285.06,21782.8,-0.002697832156455582
2025-10-20,22.27,0.0065,75.72,21542.78,0.0,16254.94,0.0,710076.94,0.0,39462.8068,878836.71,21924.85,0.0040577066401656925
2025-10-21,22.36,0.0022,76.11,21552.5,0.0,17254.94,0.0,710076.94,0.0,39462.8068,882388.36,21972.05,0.004041308197059834
2025-10-23,22.38,-0.0015,71.97,21563.83,0.0,18254.94,72.82,710076.94,0.0,39462.8068,883177.62,21940.05,0.0008944587618993083
2025-10-24,22.28,-0.0022,66.28,21582.2,0.0,19254.94,112.01,710076.94,0.0,39462.8068,879231.34,21890.9,-0.004468274456501775
2025-10-27,22.47,0.0079,66.79,21616.36,0.0,20254.94,0.0,710076.94,0.0,39462.8068,886729.27,22064.65,0.00852782386032791
2025-10-28,22.46,-0.0001,64.76,21671.12,0.0,21254.94,3.74,710076.94,0.0,39462.8068,886334.64,22063.0,-0.00044504000640466224
2025-10-29,22.57,0.0058,75.16,21729.65,0.0,22254.94,0.0,710076.94,0.0,39462.8068,890675.55,22190.5,0.004897597142316412
2025-10-30,22.56,-0.0016,69.57,21785.44,0.0,23254.94,81.23,710076.94,0.0,39462.8068,890280.92,22154.45,-0.00044306818571593354
2025-10-31,22.45,-0.0049,61.66,21826.71,0.0,24254.94,244.87,710076.94,0.0,39462.8068,885940.01,22045.95,-0.004875887938831758
2025-11-03,22.63,0.0077,66.05,21867.5,0.0,25254.94,0.0,710076.94,0.0,39462.8068,893043.32,22216.1,0.008017822786895001
2025-11-04,22.52,-0.0036,69.41,21896.75,0.0,26254.94,180.39,710076.94,0.0,39462.8068,888702.41,22135.95,-0.004860805632586729
