INDEX,CURRENT,PCNT_CHNG,OPEN,HIGH,LOW,INDICATIVE_CLOSE,PREV_CLOSE,PREV_DAY27_Feb_2026,1W_AGO_20-Feb-2026,1M_AGO27-Jan-2026,1Y_AGO_25-Feb-2025,52W_H,52W_L,30_D_PCNT_CHNG,365_D_PCNT_CHNG
"NIFTY 50","24,805.40","-1.48","24,659.25","24,989.35","24,645.10","-","25,178.65","25,178.65","25,571.25","25,175.40","22,547.55","26,373.20","21,743.65",-1.13,12.12
"NIFTY NEXT 50","68,583.00","-1.62","67,393.30","69,144.45","67,352.55","-","69,710.90","69,710.90","69,453.65","66,696.55","59,312.50","70,833.65","57,250.25",2.25,20.19
"NIFTY BANK","59,831.55","-1.15","59,204.30","60,177.50","59,148.00","-","60,529.00","60,529.00","61,172.00","59,205.45","48,608.35","61,764.85","47,702.90",2.07,23.76
"NIFTY FINANCIAL SERVICES","27,532.65","-1.21","27,353.10","27,710.45","27,329.50","-","27,869.75","27,869.75","28,210.60","27,058.00","23,036.05","28,562.50","22,934.55",2.74,19.56
"NIFTY MIDCAP SELECT","13,304.65","-1.38","13,039.70","13,450.65","13,037.55","-","13,491.45","13,491.45","13,476.00","13,137.90","11,055.35","14,118.40","5,520.25",0.36,23.53
"NIFTY 100","25,507.80","-1.50","25,308.30","25,699.55","25,296.05","-","25,897.55","25,897.55","26,217.30","25,706.15","22,987.15","26,975.15","22,177.35",-0.58,13.47
"NIFTY 200","13,909.10","-1.50","13,769.90","14,019.45","13,764.60","-","14,121.05","14,121.05","14,280.85","13,964.30","12,418.65","14,700.95","11,941.45",-0.29,14.8
"NIFTY 500","22,810.10","-1.54","22,547.00","22,992.35","22,539.65","-","23,166.85","23,166.85","23,395.00","22,819.25","20,418.75","24,144.20","19,519.85",-0.12,14.73
"NIFTY MIDCAP 50","16,546.25","-1.31","16,201.90","16,705.65","16,197.80","-","16,765.60","16,765.60","16,912.35","16,431.35","13,942.20","17,572.45","13,269.65",-0.02,22.2
"NIFTY MIDCAP 100","58,239.00","-1.48","57,090.80","58,814.35","57,074.75","-","59,115.60","59,115.60","59,513.95","57,483.65","49,702.15","61,548.85","46,966.60",0.99,21.55
"NIFTY SMALLCAP 100","16,660.95","-1.58","16,289.60","16,839.20","16,284.70","-","16,928.90","16,928.90","17,002.15","16,419.35","15,408.60","19,224.95","14,084.30",0.83,13.34
"INDIA VIX","15.98","16.58","13.70","16.38","12.83","-","13.70","13.70","14.36","14.45","13.72","23.19","8.72",15.21,14.88
"NIFTY MIDCAP 150","21,518.30","-1.51","21,079.85","21,712.00","21,075.45","-","21,847.35","21,847.35","21,918.20","21,119.10","18,408.75","22,650.05","17,269.50",1.27,21.23
"NIFTY SMALLCAP 50","8,179.60","-1.48","7,986.60","8,260.60","7,983.80","-","8,302.30","8,302.30","8,333.65","8,041.45","7,429.70","9,282.70","6,776.05",1.93,15.27
"NIFTY SMALLCAP 250","15,586.05","-1.86","15,260.70","15,749.10","15,258.10","-","15,881.05","15,881.05","15,958.80","15,345.50","14,441.70","18,077.35","13,314.70",0.51,12.58
"NIFTY MIDSMALLCAP 400","19,308.70","-1.62","18,912.05","19,486.45","18,908.50","-","19,627.50","19,627.50","19,702.00","18,970.65","16,978.90","20,668.15","15,832.85",1.01,18.18
"NIFTY500 MULTICAP 50:25:25","15,708.55","-1.59","15,485.35","15,840.25","15,481.50","-","15,962.65","15,962.65","16,093.65","15,636.40","14,057.00","17,112.15","5,531.55",0.15,15.19
"NIFTY LARGEMIDCAP 250","16,195.00","-1.51","15,966.00","16,328.50","15,961.35","-","16,442.55","16,442.55","16,570.25","16,106.50","14,213.45","17,095.20","5,635.20",0.34,17.31
"NIFTY TOTAL MARKET","12,783.25","-1.56","12,630.25","12,886.90","12,626.40","-","12,985.75","12,985.75","13,117.40","12,781.75","11,478.75","13,842.60","6,252.10",-0.14,14.44
"NIFTY MICROCAP 250","20,852.15","-2.09","20,358.05","21,106.95","20,357.30","-","21,297.30","21,297.30","21,679.05","20,554.75","20,341.90","26,476.90","5,802.95",-0.71,7.05
"NIFTY500 LARGEMIDSMALL EQUAL-CAP WEIGHTED","17,217.90","-1.62","16,936.50","17,367.40","16,932.90","-","17,501.60","17,501.60","17,621.05","17,067.65","15,375.95","18,838.10","14,014.40",0.4,15.76
"NIFTY INDIA FPI 150","1,541.50","-1.52","1,526.45","1,554.15","1,525.80","-","1,565.25","1,565.25","1,580.85","1,556.00","-","1,641.40","1,346.50",-0.78,0
"NIFTY AUTO","27,453.35","-2.51","27,196.40","27,951.85","27,175.45","-","28,158.85","28,158.85","27,846.80","26,554.00","21,662.65","29,179.10","19,316.65",2.63,33.93
"NIFTY FINANCIAL SERVICES 25/50","29,847.90","-1.26","29,623.95","30,050.65","29,597.45","-","30,229.85","30,229.85","30,596.50","29,568.40","24,639.45","-","-",2.02,21.9
"NIFTY FMCG","50,647.90","-0.97","49,968.25","50,854.60","49,954.15","-","51,142.20","51,142.20","51,772.70","51,349.75","52,453.35","58,485.05","49,336.50",0.05,-0.08
"NIFTY IT","30,199.15","-1.32","30,020.15","30,587.30","29,889.50","-","30,603.85","30,603.85","32,004.05","38,566.10","39,131.30","40,301.40","29,875.00",-20.68,-19.08
"NIFTY MEDIA","1,392.40","-1.68","1,380.15","1,406.20","1,379.80","-","1,416.15","1,416.15","1,426.80","1,332.05","1,490.15","1,786.15","1,313.85",2.28,0.4
"NIFTY METAL","12,179.30","-0.50","11,909.90","12,344.80","11,896.00","-","12,240.65","12,240.65","11,989.95","11,829.65","8,293.45","12,509.75","7,690.20",5.34,48.18
"NIFTY PHARMA","22,780.25","-0.75","22,385.30","22,822.30","22,354.10","-","22,952.35","22,952.35","22,452.40","21,788.45","20,249.15","23,492.55","19,121.10",5.71,14.97
"NIFTY PSU BANK","9,676.30","-1.47","9,538.05","9,742.40","9,526.50","-","9,820.45","9,820.45","9,665.80","8,935.75","5,880.75","9,918.65","5,729.15",12.62,71.2
"NIFTY PRIVATE BANK","28,297.40","-1.12","28,134.80","28,470.35","28,101.65","-","28,617.55","28,617.55","28,908.60","28,281.90","24,386.55","29,748.45","23,783.15",0.33,16.81
"NIFTY REALTY","766.55","-1.80","751.75","770.65","751.75","-","780.60","780.60","820.70","759.40","826.65","1,049.70","742.20",-1.47,-3.93
"NIFTY HEALTHCARE INDEX","14,745.35","-0.85","14,492.30","14,785.90","14,480.55","-","14,871.10","14,871.10","14,560.75","13,951.85","13,014.45","15,148.75","6,482.80",6.91,16.24
"NIFTY CONSUMER DURABLES","36,829.55","-2.01","36,546.20","37,230.30","36,521.65","-","37,585.90","37,585.90","37,588.35","33,954.60","35,577.35","44,426.55","14,089.55",7.07,6.88
"NIFTY OIL & GAS","12,061.80","-1.66","12,085.40","12,159.55","11,996.70","-","12,264.90","12,264.90","12,092.30","11,376.55","9,850.60","13,607.20","4,632.70",3.2,25.77
"NIFTY MIDSMALL HEALTHCARE","43,407.30","-1.24","42,565.80","43,645.25","42,565.80","-","43,954.30","43,954.30","42,563.40","41,354.65","38,114.55","46,103.35","20,019.15",5.39,16.95
"NIFTY FINANCIAL SERVICES EX-BANK","30,919.35","-1.50","30,522.40","31,216.00","30,503.75","-","31,390.65","31,390.65","31,857.40","30,595.40","24,837.35","32,654.20","21,702.40",2.55,27.28
"NIFTY MIDSMALL FINANCIAL SERVICES","20,321.60","-1.28","19,930.90","20,554.30","19,916.65","-","20,585.05","20,585.05","20,880.45","20,399.20","14,298.25","21,300.00","12,407.95",1.35,47.03
"NIFTY MIDSMALL IT & TELECOM","8,378.95","-1.42","8,189.35","8,503.45","8,168.70","-","8,499.40","8,499.40","8,972.40","9,770.50","9,252.90","11,723.20","7,836.00",-14.36,-4.58
"NIFTY CHEMICALS","27,494.20","-0.97","26,754.65","27,563.85","26,754.55","-","27,764.85","27,764.85","28,450.50","27,266.75","-","31,895.45","25,227.25",0.6,0
"NIFTY500 HEALTHCARE","18,666.35","-1.02","18,332.75","18,709.00","18,317.65","-","18,859.45","18,859.45","18,458.35","17,689.65","-","19,594.10","16,294.60",6.18,0
"NIFTY DIVIDEND OPPORTUNITIES 50","6,238.85","-1.23","6,171.40","6,281.45","6,165.50","-","6,316.40","6,316.40","6,332.10","6,360.90","5,694.80","6,584.65","5,288.60",-1.22,13.51
"NIFTY GROWTH SECTORS 15","11,269.15","-1.65","11,234.00","11,397.35","11,213.80","-","11,458.05","11,458.05","11,509.55","12,081.65","11,003.25","12,852.45","9,722.65",-6.04,6.68
"NIFTY100 QUALITY 30","5,504.95","-1.02","5,434.70","5,545.50","5,432.65","-","5,561.50","5,561.50","5,612.85","5,782.95","5,161.65","-","-",-3.85,10.39
"NIFTY50 VALUE 20","12,741.00","-1.16","12,652.55","12,824.50","12,645.90","-","12,890.05","12,890.05","13,058.75","13,175.15","12,346.50","13,684.40","11,375.50",-2.36,6.48
"NIFTY50 TR 2X LEVERAGE","19,644.60","-3.00","19,408.90","19,938.95","19,408.90","-","20,252.80","20,252.80","20,915.90","20,352.25","17,014.90","22,435.45","15,663.75",-2.67,20.02
"NIFTY50 PR 2X LEVERAGE","13,099.55","-3.00","12,942.35","13,295.85","12,942.35","-","13,505.10","13,505.10","13,947.25","13,584.80","11,600.90","14,993.40","10,678.25",-2.77,17.38
"NIFTY50 TR 1X INVERSE","173.15","1.52","174.15","174.15","171.90","-","170.55","170.55","167.80","170.30","184.85","192.05","161.80",1.29,-8.12
"NIFTY50 PR 1X INVERSE","211.85","1.53","213.05","213.05","210.30","-","208.65","208.65","205.30","208.30","223.70","232.40","197.80",1.34,-7.08
"NIFTY50 DIVIDEND POINTS","277.39","-","277.39","277.39","277.39","-","277.39","277.39","277.39","264.68","287.91","-","-",4.8,-3.65
"NIFTY ALPHA 50","50,098.65","-1.11","49,013.50","50,582.65","48,997.05","-","50,663.15","50,663.15","51,047.10","47,879.95","44,561.20","-","-",5.45,18.54
"NIFTY50 EQUAL WEIGHT","32,578.25","-1.53","32,286.45","32,847.25","32,273.80","-","33,083.10","33,083.10","33,356.05","32,480.50","28,252.95","-","-",0.78,18.29
"NIFTY100 EQUAL WEIGHT","33,331.45","-1.58","32,893.45","33,602.75","32,876.25","-","33,865.85","33,865.85","33,989.00","32,749.40","28,864.65","-","-",1.51,19.22
"NIFTY100 LOW VOLATILITY 30","20,207.15","-1.40","20,049.15","20,326.65","20,032.40","-","20,495.00","20,495.00","20,671.75","20,493.35","18,418.95","-","-",-0.53,12.95
"NIFTY200 QUALITY 30","19,939.85","-1.03","19,671.95","20,107.95","19,664.35","-","20,146.80","20,146.80","20,363.80","20,958.45","18,898.85","-","-",-4.09,9.81
"NIFTY ALPHA LOW-VOLATILITY 30","26,842.80","-1.30","26,598.00","27,028.85","26,571.00","-","27,197.20","27,197.20","27,402.40","26,405.90","24,483.15","-","-",3.06,13.47
"NIFTY200 MOMENTUM 30","30,876.00","-1.55","30,408.00","31,228.10","30,395.65","-","31,360.95","31,360.95","31,588.80","30,332.60","27,767.20","-","-",3.81,15.74
"NIFTY MIDCAP150 QUALITY 50","23,120.90","-1.28","22,645.30","23,316.60","22,644.20","-","23,421.20","23,421.20","23,405.20","22,859.60","21,288.35","-","-",0.63,12.91
"NIFTY200 ALPHA 30","25,176.20","-1.18","24,654.30","25,430.60","24,650.25","-","25,477.10","25,477.10","25,621.75","24,185.10","21,475.30","-","-",5.38,22.26
"NIFTY MIDCAP150 MOMENTUM 50","60,986.25","-1.16","59,580.90","61,550.50","59,568.35","-","61,701.40","61,701.40","62,190.80","59,450.00","53,051.55","-","-",2.19,19.97
"NIFTY500 MOMENTUM 50","51,556.45","-1.53","50,678.75","52,140.25","50,657.35","-","52,358.40","52,358.40","52,568.65","50,535.95","46,808.65","-","-",3.49,14.86
"NIFTY MIDSMALLCAP400 MOMENTUM QUALITY 100","46,418.30","-1.14","45,323.80","46,886.85","45,315.95","-","46,952.05","46,952.05","47,008.60","45,733.65","42,827.75","-","-",1.13,13.56
"NIFTY SMALLCAP250 MOMENTUM QUALITY 100","41,106.70","-1.55","40,126.85","41,515.55","40,114.45","-","41,753.20","41,753.20","42,084.20","40,854.85","40,546.65","-","-",-0.47,6.31
"NIFTY TOP 10 EQUAL WEIGHT","9,116.20","-1.53","9,088.15","9,175.05","9,085.95","-","9,257.40","9,257.40","9,464.15","9,515.65","8,906.50","-","-",-4.07,4.34
"NIFTY ALPHA QUALITY LOW-VOLATILITY 30","22,442.30","-1.33","22,170.00","22,574.10","22,166.00","-","22,744.20","22,744.20","22,675.45","22,119.45","20,415.90","-","-",2.22,14.06
"NIFTY ALPHA QUALITY VALUE LOW-VOLATILITY 30","20,421.05","-1.28","20,218.60","20,550.20","20,212.80","-","20,686.70","20,686.70","20,731.80","20,807.15","18,636.75","-","-",-1.45,12.96
"NIFTY HIGH BETA 50","3,701.55","-2.12","3,631.55","3,751.85","3,627.70","-","3,781.60","3,781.60","3,820.10","3,686.00","3,099.90","-","-",0.92,23.96
"NIFTY LOW VOLATILITY 50","24,810.65","-1.36","24,571.30","24,959.40","24,561.85","-","25,153.25","25,153.25","25,319.00","24,957.85","22,807.80","-","-",0.25,11.67
"NIFTY QUALITY LOW-VOLATILITY 30","16,628.80","-1.38","16,461.45","16,733.20","16,455.10","-","16,860.90","16,860.90","16,950.00","17,054.45","15,967.35","-","-",-1.42,7.33
"NIFTY SMALLCAP250 QUALITY 50","23,647.15","-2.01","23,147.80","23,910.75","23,142.85","-","24,132.05","24,132.05","24,306.50","23,761.40","23,611.55","-","-",-1.18,4.91
"NIFTY TOP 15 EQUAL WEIGHT","10,336.80","-1.62","10,301.60","10,407.50","10,296.60","-","10,507.30","10,507.30","10,696.00","10,564.05","9,434.40","-","-",-1.47,12.2
"NIFTY100 ALPHA 30","17,872.90","-1.56","17,646.60","18,067.30","17,633.25","-","18,155.30","18,155.30","18,228.40","17,482.65","15,879.30","-","-",2.89,17.09
"NIFTY200 VALUE 30","15,880.90","-1.46","15,647.30","15,996.30","15,626.90","-","16,116.65","16,116.65","15,844.10","14,938.70","11,284.40","-","-",6.15,44.08
"NIFTY500 EQUAL WEIGHT","13,509.40","-1.87","13,255.85","13,631.20","13,253.55","-","13,766.80","13,766.80","13,816.05","13,275.00","12,168.80","-","-",0.7,15.32
"NIFTY500 MULTICAP MOMENTUM QUALITY 50","40,082.10","-0.97","39,338.05","40,459.40","39,332.40","-","40,472.90","40,472.90","40,741.00","39,835.30","36,814.05","-","-",0.96,14.02
"NIFTY500 VALUE 50","16,613.30","-1.43","16,343.30","16,732.45","16,325.60","-","16,854.05","16,854.05","16,585.45","15,669.60","12,364.05","-","-",5.59,38.32
"NIFTY TOP 20 EQUAL WEIGHT","9,118.40","-1.57","9,058.10","9,180.40","9,053.50","-","9,263.60","9,263.60","9,420.35","9,286.00","8,468.75","-","-",-1.73,10.54
"NIFTY500 QUALITY 50","18,001.90","-1.29","17,609.20","18,187.25","17,602.65","-","18,236.60","18,236.60","18,436.10","18,102.80","-","-","-",-2.16,0
"NIFTY500 LOW VOLATILITY 50","22,533.35","-1.44","22,295.35","22,692.00","22,283.95","-","22,861.45","22,861.45","22,947.30","22,362.00","-","-","-",1.23,0
"NIFTY500 MULTIFACTOR MQVLV 50","31,831.10","-1.49","31,384.50","32,051.25","31,369.55","-","32,313.20","32,313.20","32,029.30","30,818.10","-","-","-",3.83,0
"NIFTY50 USD","9,398.35","-1.99","9,589.75","9,589.75","9,160.70","-","9,589.76","9,589.76","9,737.82","9,510.30","8,959.04","-","-",-1.06,7.27
"NIFTY500 FLEXICAP QUALITY 30","9,682.45","-1.27","9,561.05","9,768.60","9,560.50","-","9,807.40","9,807.40","9,977.00","10,425.85","-","-","-",-6.13,0
"NIFTY TOTAL MARKET MOMENTUM QUALITY 50","41,815.95","-0.77","40,938.75","42,171.30","40,933.65","-","42,139.10","42,139.10","42,011.90","40,357.55","-","-","-",3.37,0
"NIFTY COMMODITIES","9,810.85","-1.46","9,684.60","9,892.25","9,673.80","-","9,955.95","9,955.95","9,888.45","9,492.60","7,758.20","10,078.60","7,601.40",3.21,29.16
"NIFTY INDIA CONSUMPTION","11,337.25","-1.73","11,218.60","11,444.40","11,213.95","-","11,537.10","11,537.10","11,710.70","11,444.80","10,562.25","12,716.20","10,159.85",-0.53,11.58
"NIFTY CPSE","7,060.30","-0.37","6,961.25","7,114.00","6,953.20","-","7,086.60","7,086.60","7,022.35","6,474.50","5,520.70","7,147.25","5,521.95",5.5,31.05
"NIFTY ENERGY","36,469.20","-1.55","36,014.35","36,756.75","35,972.70","-","37,045.20","37,045.20","36,581.15","33,293.10","31,018.30","37,306.50","29,802.20",5.36,21.49
"NIFTY INFRASTRUCTURE","9,319.80","-2.23","9,242.10","9,403.00","9,239.80","-","9,532.65","9,532.65","9,632.25","8,983.80","7,867.85","9,792.60","7,775.80",2.13,21.58
"NIFTY100 LIQUID 15","7,411.55","-1.32","7,337.60","7,460.85","7,328.00","-","7,510.40","7,510.40","7,660.40","7,199.25","6,180.50","7,774.60","6,045.55",2.98,22.41
"NIFTY MIDCAP LIQUID 15","14,807.00","-1.67","14,531.90","14,981.55","14,526.30","-","15,058.75","15,058.75","15,384.15","15,259.95","12,562.80","16,755.80","11,541.70",-3.57,21.44
"NIFTY MNC","31,319.40","-1.21","30,826.40","31,548.55","30,823.80","-","31,703.10","31,703.10","31,211.50","30,061.60","25,816.95","32,131.15","23,981.05",3.78,25.61
"NIFTY PSE","10,350.40","-1.01","10,205.20","10,406.25","10,191.40","-","10,456.10","10,456.10","10,366.90","9,730.85","8,362.35","10,544.05","8,415.00",3,28.35
"NIFTY SERVICES SECTOR","31,927.55","-1.23","31,689.35","32,119.50","31,673.10","-","32,325.60","32,325.60","32,981.05","32,957.80","29,892.35","34,549.75","29,070.85",-2.74,8.57
"NIFTY100 ESG SECTOR LEADERS","4,091.25","-1.51","4,063.35","4,123.40","4,061.45","-","4,154.05","4,154.05","4,211.70","4,202.20","3,727.55","-","-",-2.39,11.93
"NIFTY INDIA DIGITAL","7,738.40","-1.53","7,651.80","7,834.05","7,650.30","-","7,858.65","7,858.65","8,270.80","8,994.20","8,431.30","10,152.15","4,755.25",-13.81,-4.19
"NIFTY100 ESG","4,954.65","-1.57","4,914.35","4,995.85","4,912.25","-","5,033.70","5,033.70","5,095.25","5,036.20","4,425.10","-","-",-1.39,14.9
"NIFTY INDIA MANUFACTURING","15,563.15","-1.32","15,309.20","15,706.35","15,305.30","-","15,771.55","15,771.55","15,631.25","14,851.50","12,561.05","-","-",4.29,28.44
"NIFTY INDIA CORPORATE GROUP INDEX - TATA GROUP 25% CAP","14,771.65","-1.68","14,579.65","14,952.60","14,568.45","-","15,023.30","15,023.30","15,061.90","14,894.90","14,487.50","18,764.95","9,887.45",-0.61,5.33
"NIFTY500 MULTICAP INDIA MANUFACTURING 50:30:20","15,661.25","-1.45","15,420.70","15,809.15","15,417.05","-","15,892.30","15,892.30","15,792.60","15,056.20","13,273.30","16,323.15","8,394.35",3.34,21.73
"NIFTY500 MULTICAP INFRASTRUCTURE 50:30:20","13,877.50","-2.12","13,698.75","14,011.60","13,697.05","-","14,178.50","14,178.50","14,275.70","13,363.65","12,117.05","15,154.10","8,010.10",1.86,18.5
"NIFTY INDIA DEFENCE","8,177.90","0.63","7,936.05","8,288.30","7,933.70","-","8,126.80","8,126.80","8,099.45","7,637.25","5,333.85","9,195.15","3,374.95",4.15,59.36
"NIFTY INDIA TOURISM","7,569.65","-2.89","7,459.80","7,660.70","7,456.80","-","7,795.00","7,795.00","7,965.30","7,620.55","8,095.95","9,497.20","6,058.05",-1.87,-3.93
"NIFTY CAPITAL MARKETS","4,542.90","-1.31","4,450.00","4,599.75","4,448.10","-","4,603.35","4,603.35","4,671.60","4,547.20","3,344.50","4,964.25","2,009.60",0.79,46.97
"NIFTY EV & NEW AGE AUTOMOTIVE","3,013.85","-2.36","2,968.05","3,060.30","2,967.65","-","3,086.80","3,086.80","3,060.30","2,918.70","2,677.85","-","-",2.01,18.11
"NIFTY INDIA NEW AGE CONSUMPTION","10,895.15","-2.14","10,768.05","11,024.95","10,766.10","-","11,133.75","11,133.75","11,366.20","10,846.40","10,320.95","-","-",-0.46,9.69
"NIFTY INDIA SELECT 5 CORPORATE GROUPS (MAATR)","36,308.65","-2.11","36,071.45","36,773.80","36,033.65","-","37,089.85","37,089.85","37,523.65","37,120.55","32,281.10","-","-",-2.26,16.53
"NIFTY MOBILITY","22,265.60","-2.65","22,046.10","22,602.10","22,040.40","-","22,872.30","22,872.30","22,896.45","21,594.25","18,091.40","-","-",1.67,27.87
"NIFTY100 ENHANCED ESG","4,989.95","-1.58","4,950.05","5,031.45","4,947.90","-","5,070.10","5,070.10","5,134.10","5,076.10","4,459.95","-","-",-1.48,14.82
"NIFTY CORE HOUSING","14,813.80","-1.79","14,609.15","14,896.30","14,608.75","-","15,084.20","15,084.20","15,276.95","14,656.00","14,388.95","17,961.70","13,680.90",1.79,7.55
"NIFTY HOUSING","11,783.45","-2.01","11,647.60","11,891.30","11,639.35","-","12,025.55","12,025.55","12,086.45","11,418.15","10,138.45","12,386.30","9,839.70",3.09,18.9
"NIFTY IPO","1,907.20","-2.09","1,858.50","1,920.05","1,858.30","-","1,947.85","1,947.85","1,956.60","1,890.80","1,820.45","2,387.55","1,617.15",-0.2,9.51
"NIFTY MIDSMALL INDIA CONSUMPTION","17,722.20","-1.78","17,442.25","17,889.55","17,438.65","-","18,043.90","18,043.90","18,172.45","17,251.20","17,533.75","20,923.30","14,493.40",2.43,3.45
"NIFTY NON-CYCLICAL CONSUMER","14,670.85","-1.52","14,493.05","14,766.55","14,490.90","-","14,897.05","14,897.05","15,239.65","14,927.75","14,579.10","18,289.65","13,081.55",-1.06,3.91
"NIFTY RURAL","15,778.30","-1.50","15,595.35","15,897.10","15,584.50","-","16,018.75","16,018.75","16,191.00","15,491.60","13,398.00","16,396.40","12,304.35",2.77,21.8
"NIFTY SHARIAH 25","7,811.70","-1.33","7,738.15","7,862.70","7,735.90","-","7,917.30","7,917.30","8,004.55","8,279.10","7,757.35","9,449.55","7,121.55",-5.05,4.24
"NIFTY TRANSPORTATION & LOGISTICS","24,541.75","-2.60","24,267.55","24,936.65","24,254.85","-","25,197.50","25,197.50","25,341.50","24,122.35","20,317.95","26,459.70","16,828.35",0.36,26.06
"NIFTY50 SHARIAH","4,388.10","-1.17","4,356.85","4,421.20","4,355.60","-","4,440.25","4,440.25","4,512.65","4,849.15","4,565.50","5,677.90","4,235.90",-7.88,-0.54
"NIFTY500 SHARIAH","6,748.30","-1.42","6,646.15","6,799.55","6,644.80","-","6,845.45","6,845.45","6,879.25","6,936.60","6,509.65","8,238.85","6,004.55",-2.76,7.72
"NIFTY SME EMERGE","12,513.50","-1.48","12,500.05","12,562.40","12,473.05","-","12,701.65","12,701.65","13,073.03","12,750.75","13,395.06","17,223.65","11,930.10",-1.22,-1.2
"NIFTY INDIA INTERNET","1,158.80","-2.00","1,141.95","1,174.95","1,141.90","-","1,182.45","1,182.45","1,252.95","1,263.30","-","1,501.90","1,056.45",-8.66,0
"NIFTY WAVES","1,862.60","-2.10","1,847.30","1,875.55","1,847.15","-","1,902.65","1,902.65","1,951.50","1,888.65","-","2,789.80","1,839.00",-1.19,0
"NIFTY INDIA INFRASTRUCTURE & LOGISTICS","11,209.70","-1.94","11,004.15","11,321.70","11,001.95","-","11,431.15","11,431.15","11,500.05","10,671.05","-","11,820.05","9,210.40",2.37,0
"NIFTY INDIA RAILWAYS PSU","3,122.00","-2.55","3,085.80","3,168.65","3,083.20","-","3,203.55","3,203.55","3,313.55","3,244.20","3,329.17","4,005.50","3,099.40",-5.32,0.57
"NIFTY CONGLOMERATE 50","14,307.55","-2.26","14,206.40","14,477.40","14,199.60","-","14,638.90","14,638.90","14,808.90","14,311.11","12,893.10","15,284.30","12,226.80",-0.46,14.39
"NIFTY 8-13 YR G-SEC","2,988.21","-0.19","2,994.68","2,994.70","2,988.21","-","2,994.16","2,991.98","2,978.80","2,962.32","2,802.48","-","-",1.05,6.66
"NIFTY 10 YR BENCHMARK G-SEC","2,625.18","-0.21","2,631.18","2,631.19","2,624.47","-","2,630.71","2,628.80","2,615.51","2,605.53","2,479.88","-","-",1.02,5.88
"NIFTY 10 YR BENCHMARK G-SEC (CLEAN PRICE)","886.01","-0.23","888.09","888.09","885.76","-","888.09","888.08","884.60","884.87","893.32","-","-",0.49,-0.7
"NIFTY 4-8 YR G-SEC INDEX","3,265.11","-","3,265.79","3,265.89","3,265.11","-","3,265.20","3,262.92","3,248.15","3,221.52","3,026.84","-","-",1.28,7.83
"NIFTY 11-15 YR G-SEC INDEX","3,263.81","-0.33","3,275.41","3,286.60","3,263.71","-","3,274.80","3,272.30","3,255.68","3,225.99","3,094.23","-","-",1.56,5.79
"NIFTY 15 YR AND ABOVE G-SEC INDEX","3,492.79","-0.42","3,508.40","3,508.40","3,488.14","-","3,507.70","3,504.87","3,461.93","3,457.38","3,385.36","-","-",1.37,3.59
"NIFTY COMPOSITE G-SEC INDEX","3,071.08","-0.18","3,077.27","3,079.27","3,070.74","-","3,076.72","3,074.46","3,056.44","3,040.45","2,894.62","-","-",1.21,6.22
"NIFTY BHARAT BOND INDEX - APRIL 2030","1,575.83","0.01","1,575.85","1,575.85","1,575.83","-","1,574.95","1,574.95","1,572.75","1,559.90","1,465.97","-","-",1,7.72
"NIFTY BHARAT BOND INDEX - APRIL 2031","1,431.18","0.01","1,431.17","1,431.18","1,431.17","-","1,430.36","1,430.36","1,430.14","1,417.73","1,339.02","-","-",0.92,7.15
"NIFTY BHARAT BOND INDEX - APRIL 2032","1,301.49","0.01","1,301.49","1,301.49","1,301.49","-","1,300.75","1,300.75","1,300.88","1,289.31","1,221.03","-","-",1.03,6.81
"NIFTY BHARAT BOND INDEX - APRIL 2033","1,264.03","0.01","1,264.03","1,264.03","1,264.03","-","1,263.30","1,263.30","1,262.09","1,252.52","1,187.70","-","-",1.03,6.67
