SYMBOL,ETF_NAME
SILVERBEES,Nippon India Mutual Fund - Nippon India Silver ETF
GOLDBEES,NIPPON INDIA ETF GOLD BEES
TATSILV,Tata Mutual Fund Tata Silver Exchange Traded Fund
TATAGOLD,Tata Mutual Fund Tata Gold Exchange Traded Fund
SILVERIETF,ICICI Prudential Mutual Fund - ICICI Prudential Silver ETF
NIFTYBEES,Nippon India ETF Nifty 50 BeES
HDFCSILVER,HDFC Mutual Fund - HDFC Silver ETF
GOLDIETF,ICICI Prudential Gold ETF
HDFCGOLD,HDFC Gold ETF
SILVER,SILVER Futures
SETFGOLD,SBI-ETF Gold
SBISILVER,SBI Mutual Fund - SBI SILVER ETF
LIQUIDBEES,Nippon India ETF Nifty 1D Rate Liquid BeES
LIQUIDCASE,Zerodha Fund House - Zerodha Nifty 1D Rate Liquid ETF
SILVERCASE,Zerodha Fund House - Zerodha Silver ETF
GOLDCASE,Zerodha Fund House - Zerodha Gold ETF
SILVER1,Kotak Mahindra Mutual Fund - Kotak Silver ETF
SILVERBETA,UTI Mutual Fund - UTI Silver Exchange Traded Fund (UTI Silver ETF)
GOLD1,Kotak Mutual Fund - Gold Exchange Traded Fund
GOLDETF,Mirae Asset Mutual Fund - Mirae Asset Gold ETF
MODEFENCE,Motilal Oswal Mutual Fund - Motilal Oswal Nifty India Defence ETF
GROWWSLVR,Groww Mutual Fund - Groww Silver ETF
NIFTYIETF,ICICI Prudential Nifty 50 ETF
ITBEES,Nippon India Mutual Fund - Nippon India ETF Nifty IT
AXISGOLD,Axis Mutual Fund - Axis Gold ETF
AXISILVER,Axis Mutual Fund - Axis Silver ETF
SETFNIF50,SBI-ETF Nifty 50
JUNIORBEES,Nippon India ETF Nifty Next 50 Junior BeES
BANKBEES,Nippon India ETF Nifty Bank BeES
HDFCSML250,HDFC Mutual Fund - HDFC NIFTY Smallcap 250 ETF
MON100,Motilal Oswal Mutual Fund - Motilal Oswal NASDAQ 100 ETF
PSUBNKBEES,Nippon India ETF Nifty PSU Bank BeES
SILVERADD,DSP  Mutual Fund - DSP Silver ETF
CPSEETF,CPSE ETF
GROWWGOLD,Groww Mutual Fund - Groww Gold ETF
LIQUID1,Kotak Mahindra Mutual Fund - Kotak Nifty 1D Rate Liquid ETF
GOLDBETA,UTI Mutual Fund - UTI Gold Exchange Traded Fund
LIQUIDADD,DSP BSE Liquid Rate ETF
METALIETF,ICICI Prudential Mutual Fund - ICICI Prudential Nifty Metal ETF
NIFTY1,NIFTY
ICICIB22,ICICI Prudential Mutual Fund - BHARAT 22 ETF
SILVERAG,Mirae Asset Mutual Fund - Mirae Asset Silver ETF
MID150BEES,NIPPON INDIA ETF NIFTY MIDCAP 150
GOLDADD,DSP Mutual Fund - DSP Gold ETF
NIFTYETF,Mirae Asset Mutual Fund - Mirae Asset Nifty 50 ETF
HDFCNIFTY,HDFC NIFTY 50 ETF
MOREALTY,Motilal Oswal Mutual Fund - Motilal Oswal Nifty Realty ETF
SMALLCAP,Mirae Asset MF-Mirae Asset Nifty Smallcap 250 Momentum Quality 100 ETF
OILIETF,ICICI Prudential Mutual Fund - ICICI Prudential Nifty Oil & Gas ETF
BSLGOLDETF,Aditya Birla Sun Life Gold ETF - Growth
LICMFGOLD,LIC MF Gold EXCHANGE TRADED FUND
HNGSNGBEES,NIPPON INDIA ETF HANG SENG BEES
NIFTYBETA,UTI Nifty 50 ETF
AUTOBEES,Nippon India Mutual Fund - Nippon India Nifty Auto ETF
GROWWDEFNC,Groww Mutual Fund - Groww Nifty India Defence ETF
METAL,Mirae Asset Mutual Fund - Mirae Asset Nifty Metal ETF
PHARMABEES,Nippon India Mutual Fund - Nippon India Nifty Pharma ETF
MOVALUE,Motilal Oswal Mutual Fund - Motilal Oswal SP BSE Enhanced Value ETF
NEXT50IETF,ICICI Prudential Mutual Fund - ICICI Prudential Nifty Next 50 ETF
ITIETF,ICICI PRUDENTIAL MUTUAL FUND - ICICI Prudential Nifty IT ETF
ALPHA,Kotak Mahindra Mutual Fund - Kotak Nifty Alpha 50 ETF
MIDCAPETF,Mirae Asset Mutual Fund - Mirae Asset Nifty Midcap 150 ETF
FMCGIETF,ICICI PRUDENTIAL MUTUAL FUND - ICICI Prudential Nifty FMCG ETF
AONEGOLD,Angel One Mutual Fund - Angel One Gold ETF
NEXT50,Mirae Asset Mutual Fund - MIRAE ASSET NIFTY NEXT 50 ETF (MANXT50) - Mi
LIQUIDIETF,ICICI Prudential BSE Liquid Rate ETF- IDCW
SILVER360,360 ONE Mutual Fund - 360 ONE Silver ETF
SETFNN50,SBI-ETF Nifty Next 50
ENERGY,Mirae Asset Mutual Fund - Mirae Asset Nifty Energy ETF
EBBETF0430,Edelweiss Mutual Fund - BHARAT Bond  ETF - April 2030
MOCAPITAL,Motilal Oswal Mutual Fund - Motilal Oswal Nifty Capital Market ETF
LIQUIDPLUS,Mirae Asset Mutual Fund - Mirae Asset Nifty 1D Rate Liquid ETF-Growth
ESILVER,Edelweiss Mutual Fund - Edelweiss Silver ETF
MOSILVER,Motilal Oswal Mutual Fund - Motilal Oswal Silver ETF
MOSMALL250,Motilal Oswal Mutual Fund - Motilal Oswal Nifty Smallcap 250 ETF
GROWWLIQID,Groww Mutual Fund - Groww Nifty 1D Rate Liquid ETF
LTGILTBEES,Nippon India ETF Nifty 8-13 yr G-Sec Long Term Gilt
PSUBNKIETF,ICICI Prudential Mutual Fund - ICICI Prudential Nifty PSU Bank ETF
SILVERBND,Bandhan Mutual Fund - Bandhan Silver ETF
MOGOLD,Motilal Oswal Mutual Fund - Motilal Oswal Gold ETF
MOM100,Motilal Oswal Mutual Fund - Motilal Oswal Midcap 100 ETF
LIQUIDETF,DSP NIFTY 1D Rate Liquid ETF
INFRABEES,Nippon India ETF Nifty Infrastructure BeES
PSUBANK,Kotak Nifty PSU Bank ETF
AXISNIFTY,AXIS MUTUAL FUND - Axis NIFTY 50 ETF
MIDCAPIETF,ICICI PRUDENTIAL MUTUAL FUND - ICICI Prudential Nifty Midcap 150 ETF
MAFANG,Mirae Asset Mutual Fund - Mirae Asset NYSE FANG+ ETF
MOMENTUM50,Motilal Oswal Mutual Fund - Motilal Oswal Nifty 500 Momentum 50 ETF
SENSEXIETF,ICICI Prudential BSE Sensex ETF
MAHKTECH,Mirae Asset Mutual Fund - Mirae Asset Hang Seng TECH ETF
EGOLD,Edelweiss Mutual Fund -Edelweiss Gold ETF
GOLD360,360 ONE Mutual Fund - 360 ONE Gold ETF
QGOLDHALF,Quantum Gold Fund -Exchange Traded Fund (ETF)
AUTOIETF,ICICI Prudential Mutual Fund - ICICI Prudential  Nifty Auto ETF
SETFNIFBK,SBI-ETF Nifty Bank
EQUAL50ADD,DSP  Mutual Fund - DSP Nifty 50 Equal Weight ETF
ALPHAETF,Mirae Asset Mutual Fund - Mirae Asset Nifty 200 Alpha 30 ETF
MASPTOP50,Mirae Asset Mutual Fund - Mirae Asset S&P 500 Top 50 ETF
MID150CASE,Zerodha Fund House - Zerodha Nifty Midcap 150 ETF
GROWWRAIL,Groww Mutual Fund - Groww Nifty India Railways PSU ETF
LIQUID,Mirae Asset Mutual Fund - Mirae Asset Nifty 1D Rate Liquid ETF
ITETF,Mirae Asset Mutual Fund - Mirae Asset Nifty IT ETF
MOM30IETF,ICICI Prudential Mutual Fund -  ICICI Pru Nifty 200 Momentum 30 ETF
IVZINGOLD,Invesco India Gold Exchange Traded Fund
VAL30IETF,ICICI Prudential Mutual Fund - ICICI Prudential Nifty200 Value 30 ETF
GROWWPOWER,Groww Mutual Fund - Groww BSE Power ETF
FINIETF,ICICI Prudential Mutual Fund - ICICI Pru Nifty Fin Ser Ex-Bank ETF
HDFCMID150,HDFC Mutual Fund - HDFC NIFTY Midcap 150 ETF
NIFTYCASE,Zerodha Fund House - Zerodha Nifty 50 ETF
IT,Kotak Nifty IT ETF
INFRAIETF,ICICI Prudential Mutual Fund-ICICI Prudential Nifty Infrastructure ETF
BSLNIFTY,Aditya Birla Sun Life Nifty 50 ETF
SML100CASE,Zerodha Fund House - Zerodha Nifty Smallcap 100 ETF
MIDSMALL,MiraeAssetMF-Mirae Asset Nifty MidSmallcap400 Momentum Quality 100 ETF
DEFENCE,Mirae Asset Mutual Fund - Mirae Asset BSE India Defence ETF
PVTBANIETF,ICICI Prudential Nifty Private Bank ETF - NIFTY PRIVATE BANK INDEX
MONIFTY500,Motilal Oswal Mutual Fund - Motilal Oswal Nifty 500 ETF
EQUAL50,Mirae Asset Mutual Fund - Mirae Asset Nifty50 Equal Weight ETF
MONQ50,Motilal Oswal Mutual Fund - Motilal Oswal Nasdaq Q 50 ETF
TOP100CASE,Zerodha Fund House - Zerodha Nifty 100 ETF
HEALTHIETF,ICICI PRUDENTIAL MUTUAL FUND - ICICI Prudential Nifty Healthcare ETF
CONSUMBEES,Nippon India ETF Nifty India Consumption
BANKIETF,ICICI Prudential Nifty Bank ETF - NIFTY BANK INDEX
CASHIETF,ICICI Prudential MF-ICICI Prudential BSE Liquid Rate ETF-Growth
COMMOIETF,ICICI Prudential Mutual Fund - ICICI Prudential Nifty Commodities ETF
AONELIQUID,Angel One Mutual Fund - Angel One Nifty 1D Rate Liquid ETF - Growth
EVINDIA,Mirae Asset MF - Mirae Asset Nifty EV and New Age Automotive ETF
GOLDBND,Bandhan Mutual Fund - Bandhan Gold ETF
MOENERGY,Motilal Oswal Mutual Fund - Motilal Oswal Nifty Energy ETF
BFSI,Mirae Asset Mutual Fund - Mirae Asset Nifty Financial Services ETF
LICNETFN50,LIC MF - LIC MF EXCHANGE TRADED FUND - NIFTY 50
NIF100BEES,NIPPON INDIA ETF NIFTY 100
CHOICEGOLD,Choice Mutual Fund - Choice Gold ETF
MIDCAP,Kotak Nifty Midcap 50 ETF
BSE500IETF,ICICI Prudential BSE 500 ETF
HDFCNIFBAN,HDFC NIFTY Bank ETF
AONESILVER,Angel One Mutual Fund - Angel One Silver ETF
LIQUIDBETF,Bajaj Finserv Nifty 1D Rate Liquid ETF-Growth
GROWWMETAL,Groww Mutual Fund - Groww Nifty Metal ETF
GILT5YBEES,NIPPON INDIA ETF NIFTY 5 YR BENCHMARK GSEC
SMALL250,Mirae Asset Mutual Fund - Mirae Asset Nifty Smallcap 250 ETF
PSUBANKADD,DSP Mutual Fund - DSP Nifty PSU Bank ETF
GROWWNIFTY,Groww Mutual Fund - Groww Nifty 50 ETF
SBILIQETF,SBI Mutual Fund - SBI NIFTY 1D Rate Liquid ETF - Growth
ABSLPSE,Aditya Birla Sun Life Mutual Fund-Aditya Birla Sun Life Nifty PSE ETF
AXSENSEX,Axis Mutual Fund - AXIS S&P BSE SENSEX ETF
GROWWEV,Groww Mutual Fund - Groww Nifty EV & New Age Automotive ETF
BANKETF,Mirae Asset Mutual Fund - Mirae Asset Nifty Bank ETF
BBNPPGOLD,Baroda BNP Paribas Mutual Fund - Baroda BNP Paribas Gold ETF
MAKEINDIA,Mirae Asset Mutual Fund - Mirae Asset Nifty India Manufacturing ETF
HDFCPSUBK,HDFC Mutual Fund -HDFC NIFTY PSU BANK ETF
UNIONGOLD,Union Mutual Fund - Union Gold ETF
SBIBPB,SBI Mutual Fund - SBI BSE PSU Bank ETF
NV20IETF,ICICI Prudential Nifty50 Value 20 ETF
EBBETF0431,Edelweiss Mutual Fund - BHARAT Bond ETF - April 2031
ALPL30IETF,ICICI Prudential Nifty Alpha Low Volatility 30 ETF
NIFTYADD,DSP  Mutual Fund - DSP Nifty 50 ETF
MULTICAP,Mirae Asset Mutual Fund - Mirae Asset Nifty 500 Multicap 50:25:25 ETF
TOP10ADD,DSP Mutual Fund - DSP Nifty Top 10 Equal Weight ETF
AXISVALUE,Axis Mutual Fund - Axis Nifty500 Value 50 ETF
NEXT50BETA,UTI Mutual Fund - UTI NIfty Next 50 Exchange Traded Fund - UTI NIFTY N
SBINEQWETF,SBI Mutual Fund - SBI Nifty50 Equal Weight ETF
SENSEXBETA,UTI BSE Sensex ETF
LIQGRWBEES,Nippon India Mutual Fund-Nippon India Nifty 1D Rate Liquid ETF-Growth
DIVOPPBEES,Nippon India ETF Nifty Dividend Opportunities 50
HDFCNIFIT,HDFC Mutual Fund - HDFC NIFTY IT ETF
LIQUIDSBI,SBI Mutual Fund - SBI NIFTY 1D Rate ETF
BANKBETA,UTI Nifty Bank ETF
HDFCLIQUID,HDFC Nifty 1D Rate Liquid ETF - Growth
HDFCSENSEX,HDFC BSE SENSEX ETF
HDFCMOMENT,HDFC Mutual Fund - HDFC NIFTY200 Momentum 30 ETF
SENSEXETF,Mirae Asset Mutual Fund - Mirae Asset S&P BSE Sensex ETF
LOWVOLIETF,ICICI Prudential Nifty 100 Low Volatility 30 ETF
HEALTHY,Aditya Birla Sun Life MF-Aditya Birla Sun Life Nifty Healthcare ETF
AONETOTAL,Angel One Mutual Fund - Angel One Nifty Total Market ETF
NIF100IETF,ICICI Prudential Nifty 100 ETF
BBETF0432,Edelweiss Mutual Fund - BHARAT Bond ETF - April 2032 - Growth
MOMOMENTUM,Motilal Oswal Mutual Fund - Motilal Oswal Nifty 200 Momentum 30 ETF
CHEMICAL,Kotak Mahindra Mutual Fund - Kotak Nifty Chemicals ETF
HDFCNEXT50,HDFC Mutual Fund - HDFC NIFTY NEXT 50 ETF
BANKPSU,Mirae Asset Mutual Fund - Mirae Asset Nifty PSU Bank ETF
GROWWCAPM,Groww Mutual Fund - Groww Nifty Capital Markets ETF
NV20BEES,Nippon India ETF Nifty 50 Value 20
TNIDETF,Tata Mutual Fund - Tata Nifty India Digital Exchange Traded Fund
ABSLBANETF,Aditya Birla Sun Life Nifty Bank ETF
BANKNIFTY1,Kotak Nifty Bank ETF
MOHEALTH,Motilal Oswal Mutual Fund - Motilal Oswal S&P BSE Healthcare ETF
AONENIFTY,Angel One Mutual Fund - Angel One Nifty 50 ETF
MID150,Kotak Mahindra Mutual Fund - Kotak Nifty Midcap 150 ETF
SBIETFIT,SBI Mutual Fund-SBI ETF IT
SHARIABEES,Nippon India ETF Nifty 50 Shariah BeES
GROWWNET,Groww Mutual Fund - Groww Nifty India Internet ETF
NETF,Tata Nifty 50 Exchange Traded Fund
HDFCPVTBAN,HDFC Mutual Fund - HDFC NIFTY Private Bank ETF
FLEXIADD,DSP Mutual Fund - DSP Nifty500 Flexicap Quality 30 ETF
MNC,Kotak Mahindra Mutual Fund - Kotak Nifty MNC ETF
GROWWSC250,Groww Mutual Fund - Groww Nifty Smallcap 250 ETF
EVIETF,ICICI Prudential MF-ICICI Prudential Nifty EV & New Age Automotive ETF
NIFTY100EW,Kotak Mahindra Mutual Fund - Kotak Nifty 100 Equal Weight ETF
NEXT50ETF,Kotak Mahindra Mutual Fund - Kotak Nifty Next 50 ETF
MOMENTUM,Aditya Birla Sun Life Mutual Fund - Aditya Birla Sun Life Nifty 200 Mo
INTERNET,Mirae Asset Mutual Fund - Mirae Asset Nifty India Internet ETF
CONSUMIETF,ICICI Prudential Nifty India Consumption ETF
MANUFGBEES,Nippon India Mutual Fund - Nippon India Nifty India Manufacturing ETF
MIDSELIETF,ICICI Prudential BSE Midcap Select ETF
SBIETFPB,SBI Mutual Fund - SBI ETF Private Bank - SBI ETF Private Bank
GROWWRLTY,Groww Mutual Fund - Groww Nifty Realty ETF
NV20,Kotak Nifty 50 value 20 ETF
LTGILTCASE,Zerodha Fund House - Zerodha Nifty 8-13 Yr G-Sec ETF
NIFTYQLITY,Aditya Birla Sun Life Mutual Fund - ABSL Nifty 200 Quality 30 ETF
CONSUMER,Mirae Asset MF- Mirae Asset Nifty India New Age Consumption ETF
MOMIDMTM,Motilal Oswal Mutual Fund - Motilal Oswal Nifty Midcap150 Momentum 50
HDFCNIF100,HDFC Mutual Fund - HDFC NIFTY 100 ETF
ELIQUID,Edelweiss Mutual Fund - Edelweiss Nifty 1D Rate Liquid ETF
EMULTIMQ,Edelweiss MF - Edelweiss Nifty500 Multicap Momentum Quality 50 ETF
EBBETF0433,Edelweiss Mutual Fund - BHARAT Bond ETF-April 2033
LIQUIDSHRI,Shriram Mutual Fund -SHRIRAM NIFTY 1D RATE LIQUID ETF
AXISBPSETF,AXIS MUTUAL FUND - Axis Nifty AAA Bond Plus SDL Apr 2026 50-50 ETF
MOGSEC,Motilal Oswal Mutual Fund - Motilal Oswal 5 Year G Sec ETF - Growth
ITADD,DSP Mutual Fund - DSP Nifty IT ETF
ABSLLIQUID,Aditya Birla Sun Life CRISIL Liquid Overnight ETF
MIDQ50ADD,DSP  Mutual Fund - DSP Nifty Midcap 150 Quality 50 ETF
SNXT50BETA,UTI BSE Sensex Next 50 ETF
NIFTYBETF,Bajaj Finserv Mutual Fund - Bajaj Finserv Nifty 50 ETF
MOINFRA,Motilal Oswal Mutual Fund - Motilal Oswal BSE India Infrastructure ETF
CONS,Kotak Nifty India Consumption ETF
GROWWN200,Groww Mutual Fund - Groww Nifty 200 ETF
ELM250,Edelweiss Mutual Fund - Edelweiss Nifty LargeMidcap 250 ETF
GSEC5IETF,ICICI Prudential Nifty 5 Yr Benchmark G-SEC ETF
GROWWNXT50,Groww Mutual Fund - Groww Nifty Next 50 ETF
SBIETFQLTY,SBI Mutual Fund - SBI - ETF Quality - SBI-ETF Quality
MOTOUR,Motilal Oswal Mutual Fund - Motilal Oswal Nifty India Tourism ETF
MIDCAPBETA,UTI Mutual Fund - UTI Nifty Midcap 150 Exchange Traded Fund (ETF)
NEXT30ADD,DSP Mutual Fund - DSP BSE SENSEX Next 30 ETF
SBIETFCON,SBI Mutual Fund - SBI ETF Consumption
TECH,Aditya Birla Sun Life Mutual Fund - Aditya Birla Sun Life Nifty IT ETF
GROWWMOM50,Groww Mutual Fund - Groww Nifty 500 Momentum 50 ETF
AXISTECETF,AXIS MUTUAL FUND - AXIS NIFTY IT ETF
MIDCAPADD,DSP Mutual Fund - DSP Nifty Midcap 150 ETF
DIVIDEND,Mirae Asset Mutual Fund - Mirae Asset BSE 500 Dividend Leaders 50 ETF
QUAL30IETF,ICICI Prudential MF - ICICI Prudential Nifty 200 Quality 30 ETF
INFRA,Mirae Asset MF-Mirae Asset Nifty India Infrastructure & Logistics ETF
MOM50,Motilal Oswal Mutual Fund - Motilal Oswal M50 ETF
BANKBETF,Bajaj Finserv Mutual Fund - Bajaj Finserv Nifty Bank ETF
HDFCVALUE,HDFC Mutual Fund - HDFC NIFTY50 Value 20 ETF
GROWWCHEM,Groww Mutual Fund - Groww Nifty Chemicals ETF
HDFCGROWTH,HDFC Mutual Fund - HDFC NIFTY Growth Sectors 15 ETF
HDFCBSE500,HDFC BSE 500 ETF
TWCGOLDETF,The Wealth Company Mutual Fund - The Wealth Company Gold ETF
ECAPINSURE,Edelweiss Mutual Fund - Edelweiss BSE Capital Markets & Insurance ETF
GROWWMC150,Groww Mutual Fund - Groww Nifty Midcap 150 ETF
LICNETFGSC,LIC MF - LIC MF G-sec LT ETF - GO
AXISBNKETF,AXIS MUTUAL FUND - Axis NIFTY Bank ETF
IVZINNIFTY,Invesco India Nifty Exchange Traded Fund
AONETMMQ50,Angel One MF - Angel One Nifty Total Market Momentum Quality 50 ETF
GROWWLOVOL,Groww Mutual Fund - Groww Nifty 500 Low Volatility 50 ETF
SETF10GILT,SBI Mutual Fund - SBI-ETF 10 YEAR GILT 
EQUAL200,Mirae Asset Mutual Fund - Mirae Asset BSE 200 Equal Weight ETF
SNXT30BEES,Nippon India Mutual Fund - Nippon India BSE Sensex Next 30 ETF
AXISHCETF,AXIS MUTUAL FUND - Axis NIFTY Healthcare ETF
ITBETA,UTI Mutual Fund - UTI Nifty IT ETF
GROWWPSE,Groww Mutual Fund - Groww Nifty PSE ETF
PVTBANKADD,DSP Mutual Fund - DSP Nifty Private Bank ETF
QNIFTY,Quantum Nifty 50 ETF
MOMENTUM30,Kotak Mahindra Mutual Fund - Kotak Nifty 200 Momentum 30 ETF
MONIFTY100,Motilal Oswal Mutual Fund - Motilal Oswal Nifty 100 ETF
GSEC10IETF,ICICI Pru Mutual Fund-ICICI Prudential Nifty 10 yr Benchmark G-Sec ETF
LOWVOL1,Kotak Nifty 100 Low Volatility 30 ETF
ABSLNN50ET,Aditya Birla Sun Life Nifty Next 50 ETF
NEXT50ADD,DSP Mutual Fund - DSP Nifty Next 50 ETF
TOP15IETF,ICICI Prudential MF - ICICI Prudential Nifty Top 15 Equal Weight ETF
BSLSENETFG,Aditya Birla Sun Life BSE Sensex ETF
MOPSE,Motilal Oswal Mutual Fund - Motilal Oswal Nifty PSE ETF
SENSEXADD,DSP BSE Sensex ETF
MOALPHA50,Motilal Oswal Mutual Fund - Motilal Oswal Nifty Alpha 50 ETF
MSCIINDIA,Kotak Mahindra Mutual Fund - Kotak MSCI India ETF
HEALTHCARE,Mirae Asset Mutual Fund - Mirae Asset Nifty 500 Healthcare ETF
ESG,MIRAE ASSET MUTUAL FUND - Mirae Asset Nifty 100 ESG Sector Leaders ETF
HDFCQUAL,HDFC Mutual Fund - HDFC NIFTY100 Quality 30 ETF
SELECTIPO,Mirae Asset Mutual Fund - Mirae Asset BSE Select IPO ETF
LOWVOL,Mirae Asset Mutual Fund - Mirae Asset Nifty 100 Low Volatility 30 ETF
BANKADD,DSP  Mutual Fund - DSP Nifty Bank ETF
SMALLADD,DSP Mutual Fund - DSP Nifty Smallcap 250 ETF
MON50EQUAL,Motilal Oswal Mutual Fund - Motilal Oswal Nifty 50 Equal Weight ETF
LICNMID100,LIC Mutual Fund - LIC MF Nifty Midcap 100 ETF
GILT5BETA,UTI Mutual Fund - UTI Nifty 5 yr Benchmark G-Sec ETF
IDFNIFTYET,Bandhan Nifty 50 ETF
LICNFNHGP,LIC MF - LIC MF ETF - Nifty 100
HDFCLOWVOL,HDFC Mutual Fund - HDFC NIFTY100 Low Volatility 30 ETF
MOLOWVOL,Motilal Oswal Mutual Fund - Motilal Oswal S&P BSE Low Volatility ETF
MSCIADD,DSP Mutual Fund - DSP MSCI India ETF
HEALTHADD,DSP Mutual Fund - DSP Nifty Healthcare ETF
MOMNC,Motilal Oswal Mutual Fund - Motilal Oswal Nifty MNC ETF
ENIFTY,Edelweiss Mutual Fund - Edelweiss Nifty 50 ETF
TOP20,Mirae Asset Mutual Fund - Mirae Asset Nifty Top 20 Equal Weight ETF
AXISCETF,AXIS MUTUAL FUND - Axis NIFTY India Consumption ETF
MOSERVICE,Motilal Oswal Mutual Fund - Motilal Oswal Nifty Services Sector ETF
MOQUALITY,Motilal Oswal Mutual Fund - Motilal Oswal S&P BSE Quality ETF
NPBET,Tata Nifty Private Bank Exchange Traded Fund
MONEXT50,Motilal Oswal Mutual Fund - Motilal Oswal Nifty Next 50 ETF
EBANKNIFTY,Edelweiss Mutual Fund - Edelweiss Nifty Bank ETF
MOIPO,Motilal Oswal Mutual Fund - Motilal Oswal BSE Select IPO ETF
QUALITY30,Kotak Mahindra Mutual Fund - Kotak Nifty200 Quality 30 ETF
MOMGF,Motilal Oswal Mutual Fund-Motilal Oswal Nifty India Manufacturing ETF
GILT10BETA,UTI Mutual Fund - UTI Nifty 10 yr Benchmark G-Sec ETF
GSEC10YEAR,Mirae Asset Mutual Fund - Mirae Asset Nifty 8-13 yr G-Sec ETF
SDL26BEES,Nippon India ETF Nifty SDL Apr 2026 Top 20 Equal Weight
BBNPNBETF,Baroda BNP Paribas Mutual Fund - Baroda BNP Paribas Nifty Bank ETF
ESENSEX,Edelweiss Mutual Fund - Edelweiss BSE Sensex ETF
ABGSEC,AdityaBirlaSunLifeMF-Aditya Birla Sun Life CRISIL Broad Based Gilt ETF
ABSLMSCIN,Aditya Birla Sun Life MF- Aditya Birla Sun Life MSCI India ETF
GSEC10ABSL,AdityaBirlaSunLifeMF - Aditya Birla Sun Life CRISIL 10 Year Gilt ETF
LICNETFSEN,LIC Mutual Fund - LIC MF EXCHANGE TRADED FUND - SENSEX